,RunId,iteration,Step,num_agents,num_supportive,stigma_level,support_effectiveness,Average Depression
0,0,0,100,10,10,0.0,0.3,1.0
1,1,0,100,10,10,0.0,0.5,1.1
2,3,0,100,10,10,0.25,0.3,1.2
3,5,0,100,10,10,0.25,0.7,0.8
4,2,0,100,10,10,0.0,0.7,1.0
5,4,0,100,10,10,0.25,0.5,0.9
6,7,0,100,10,10,0.5,0.5,1.0
7,6,0,100,10,10,0.5,0.3,0.8
8,8,0,100,10,10,0.5,0.7,1.4
9,12,0,100,10,10,1.0,0.3,0.9
10,13,0,100,10,10,1.0,0.5,1.3
11,10,0,100,10,10,0.75,0.5,1.0
12,9,0,100,10,10,0.75,0.3,1.0
13,14,0,100,10,10,1.0,0.7,1.0
14,15,0,100,10,20,0.0,0.3,1.1
15,11,0,100,10,10,0.75,0.7,1.1
16,16,0,100,10,20,0.0,0.5,0.5
17,17,0,100,10,20,0.0,0.7,0.9
18,19,0,100,10,20,0.25,0.5,0.7
19,18,0,100,10,20,0.25,0.3,0.9
20,21,0,100,10,20,0.5,0.3,1.1
21,20,0,100,10,20,0.25,0.7,1.4
22,22,0,100,10,20,0.5,0.5,0.8
23,23,0,100,10,20,0.5,0.7,1.3
24,26,0,100,10,20,0.75,0.7,1.1
25,25,0,100,10,20,0.75,0.5,1.3
26,27,0,100,10,20,1.0,0.3,1.3
27,24,0,100,10,20,0.75,0.3,1.2
28,29,0,100,10,20,1.0,0.7,1.2
29,28,0,100,10,20,1.0,0.5,0.8
30,34,0,100,10,30,0.25,0.5,1.3
31,31,0,100,10,30,0.0,0.5,0.8
32,33,0,100,10,30,0.25,0.3,1.6
33,38,0,100,10,30,0.5,0.7,1.0
34,39,0,100,10,30,0.75,0.3,0.9
35,37,0,100,10,30,0.5,0.5,1.0
36,32,0,100,10,30,0.0,0.7,1.4
37,35,0,100,10,30,0.25,0.7,1.4
38,36,0,100,10,30,0.5,0.3,1.3
39,30,0,100,10,30,0.0,0.3,0.8
40,40,0,100,10,30,0.75,0.5,1.0
41,43,0,100,10,30,1.0,0.5,1.2
42,44,0,100,10,30,1.0,0.7,0.6
43,42,0,100,10,30,1.0,0.3,0.8
44,45,0,100,10,40,0.0,0.3,0.8
45,41,0,100,10,30,0.75,0.7,0.7
46,50,0,100,10,40,0.25,0.7,0.6
47,48,0,100,10,40,0.25,0.3,0.4
48,51,0,100,10,40,0.5,0.3,0.8
49,46,0,100,10,40,0.0,0.5,1.1
50,55,0,100,10,40,0.75,0.5,1.2
51,47,0,100,10,40,0.0,0.7,0.6
52,53,0,100,10,40,0.5,0.7,1.2
53,52,0,100,10,40,0.5,0.5,1.1
54,58,0,100,10,40,1.0,0.5,1.0
55,49,0,100,10,40,0.25,0.5,0.9
56,54,0,100,10,40,0.75,0.3,1.1
57,56,0,100,10,40,0.75,0.7,0.5
58,57,0,100,10,40,1.0,0.3,1.1
59,59,0,100,10,40,1.0,0.7,0.8
60,60,0,100,10,50,0.0,0.3,0.6
61,61,0,100,10,50,0.0,0.5,1.3
62,62,0,100,10,50,0.0,0.7,0.7
63,66,0,100,10,50,0.5,0.3,1.3
64,71,0,100,10,50,0.75,0.7,0.8
65,64,0,100,10,50,0.25,0.5,1.1
66,72,0,100,10,50,1.0,0.3,0.7
67,67,0,100,10,50,0.5,0.5,1.1
68,68,0,100,10,50,0.5,0.7,1.2
69,73,0,100,10,50,1.0,0.5,1.1
70,75,0,100,20,10,0.0,0.3,1.1
71,74,0,100,10,50,1.0,0.7,1.4
72,69,0,100,10,50,0.75,0.3,0.6
73,63,0,100,10,50,0.25,0.3,1.1
74,70,0,100,10,50,0.75,0.5,0.7
75,76,0,100,20,10,0.0,0.5,1.2
76,65,0,100,10,50,0.25,0.7,1.0
77,78,0,100,20,10,0.25,0.3,1.15
78,79,0,100,20,10,0.25,0.5,0.9
79,80,0,100,20,10,0.25,0.7,1.15
80,83,0,100,20,10,0.5,0.7,1.05
81,82,0,100,20,10,0.5,0.5,0.8
82,81,0,100,20,10,0.5,0.3,0.85
83,86,0,100,20,10,0.75,0.7,1.1
84,77,0,100,20,10,0.0,0.7,1.1
85,88,0,100,20,10,1.0,0.5,0.9
86,84,0,100,20,10,0.75,0.3,1.15
87,91,0,100,20,20,0.0,0.5,1.05
88,87,0,100,20,10,1.0,0.3,1.2
89,93,0,100,20,20,0.25,0.3,1.0
90,92,0,100,20,20,0.0,0.7,1.05
91,94,0,100,20,20,0.25,0.5,0.85
92,90,0,100,20,20,0.0,0.3,1.1
93,89,0,100,20,10,1.0,0.7,1.15
94,96,0,100,20,20,0.5,0.3,0.85
95,95,0,100,20,20,0.25,0.7,0.9
96,85,0,100,20,10,0.75,0.5,0.85
97,97,0,100,20,20,0.5,0.5,1.25
98,99,0,100,20,20,0.75,0.3,1.15
99,98,0,100,20,20,0.5,0.7,1.2
100,100,0,100,20,20,0.75,0.5,1.05
101,101,0,100,20,20,0.75,0.7,1.1
102,102,0,100,20,20,1.0,0.3,0.85
103,103,0,100,20,20,1.0,0.5,0.8
104,107,0,100,20,30,0.0,0.7,1.15
105,113,0,100,20,30,0.5,0.7,1.3
106,114,0,100,20,30,0.75,0.3,1.05
107,104,0,100,20,20,1.0,0.7,1.3
108,109,0,100,20,30,0.25,0.5,1.0
109,106,0,100,20,30,0.0,0.5,0.9
110,105,0,100,20,30,0.0,0.3,1.1
111,116,0,100,20,30,0.75,0.7,1.15
112,111,0,100,20,30,0.5,0.3,1.1
113,112,0,100,20,30,0.5,0.5,0.95
114,110,0,100,20,30,0.25,0.7,1.0
115,117,0,100,20,30,1.0,0.3,1.05
116,108,0,100,20,30,0.25,0.3,0.7
117,122,0,100,20,40,0.0,0.7,0.75
118,121,0,100,20,40,0.0,0.5,1.15
119,118,0,100,20,30,1.0,0.5,0.8
120,115,0,100,20,30,0.75,0.5,0.8
121,123,0,100,20,40,0.25,0.3,1.1
122,128,0,100,20,40,0.5,0.7,1.05
123,120,0,100,20,40,0.0,0.3,0.95
124,124,0,100,20,40,0.25,0.5,0.7
125,125,0,100,20,40,0.25,0.7,0.7
126,131,0,100,20,40,0.75,0.7,1.1
127,129,0,100,20,40,0.75,0.3,1.2
128,119,0,100,20,30,1.0,0.7,1.1
129,127,0,100,20,40,0.5,0.5,1.15
130,133,0,100,20,40,1.0,0.5,0.85
131,126,0,100,20,40,0.5,0.3,1.15
132,130,0,100,20,40,0.75,0.5,0.95
133,132,0,100,20,40,1.0,0.3,1.15
134,136,0,100,20,50,0.0,0.5,1.0
135,137,0,100,20,50,0.0,0.7,0.9
136,138,0,100,20,50,0.25,0.3,0.9
137,134,0,100,20,40,1.0,0.7,1.15
138,135,0,100,20,50,0.0,0.3,0.95
139,141,0,100,20,50,0.5,0.3,0.8
140,140,0,100,20,50,0.25,0.7,0.8
141,143,0,100,20,50,0.5,0.7,1.2
142,139,0,100,20,50,0.25,0.5,1.5
143,144,0,100,20,50,0.75,0.3,0.95
144,146,0,100,20,50,0.75,0.7,1.25
145,145,0,100,20,50,0.75,0.5,0.9
146,148,0,100,20,50,1.0,0.5,1.05
147,147,0,100,20,50,1.0,0.3,0.8
148,142,0,100,20,50,0.5,0.5,1.3
149,149,0,100,20,50,1.0,0.7,1.1
150,150,0,100,30,10,0.0,0.3,1.1333333333333333
151,152,0,100,30,10,0.0,0.7,1.0333333333333334
152,155,0,100,30,10,0.25,0.7,0.8
153,156,0,100,30,10,0.5,0.3,0.8333333333333334
154,157,0,100,30,10,0.5,0.5,0.9
155,159,0,100,30,10,0.75,0.3,1.2
156,151,0,100,30,10,0.0,0.5,1.1333333333333333
157,153,0,100,30,10,0.25,0.3,1.0666666666666667
158,154,0,100,30,10,0.25,0.5,0.7666666666666667
159,160,0,100,30,10,0.75,0.5,1.0666666666666667
160,162,0,100,30,10,1.0,0.3,0.9666666666666667
161,161,0,100,30,10,0.75,0.7,1.1333333333333333
162,158,0,100,30,10,0.5,0.7,0.9333333333333333
163,163,0,100,30,10,1.0,0.5,0.9333333333333333
164,167,0,100,30,20,0.0,0.7,0.8333333333333334
165,168,0,100,30,20,0.25,0.3,0.9666666666666667
166,164,0,100,30,10,1.0,0.7,1.1
167,165,0,100,30,20,0.0,0.3,0.9
168,166,0,100,30,20,0.0,0.5,1.2
169,170,0,100,30,20,0.25,0.7,1.0
170,169,0,100,30,20,0.25,0.5,1.2
171,171,0,100,30,20,0.5,0.3,0.7666666666666667
172,175,0,100,30,20,0.75,0.5,0.9
173,172,0,100,30,20,0.5,0.5,0.8333333333333334
174,176,0,100,30,20,0.75,0.7,0.9666666666666667
175,173,0,100,30,20,0.5,0.7,0.8666666666666667
176,177,0,100,30,20,1.0,0.3,1.0666666666666667
177,179,0,100,30,20,1.0,0.7,0.7333333333333333
178,174,0,100,30,20,0.75,0.3,0.9333333333333333
179,180,0,100,30,30,0.0,0.3,0.9666666666666667
180,185,0,100,30,30,0.25,0.7,0.9666666666666667
181,178,0,100,30,20,1.0,0.5,1.1666666666666667
182,184,0,100,30,30,0.25,0.5,0.9
183,187,0,100,30,30,0.5,0.5,1.0666666666666667
184,181,0,100,30,30,0.0,0.5,0.9666666666666667
185,186,0,100,30,30,0.5,0.3,1.0
186,183,0,100,30,30,0.25,0.3,0.8666666666666667
187,182,0,100,30,30,0.0,0.7,1.0
188,189,0,100,30,30,0.75,0.3,0.9666666666666667
189,191,0,100,30,30,0.75,0.7,0.9333333333333333
190,194,0,100,30,30,1.0,0.7,1.1
191,188,0,100,30,30,0.5,0.7,1.2333333333333334
192,190,0,100,30,30,0.75,0.5,1.1
193,192,0,100,30,30,1.0,0.3,1.1333333333333333
194,193,0,100,30,30,1.0,0.5,1.2666666666666666
195,195,0,100,30,40,0.0,0.3,1.1666666666666667
196,200,0,100,30,40,0.25,0.7,1.2
197,196,0,100,30,40,0.0,0.5,0.8666666666666667
198,203,0,100,30,40,0.5,0.7,1.0
199,199,0,100,30,40,0.25,0.5,1.0333333333333334
200,205,0,100,30,40,0.75,0.5,1.0666666666666667
201,197,0,100,30,40,0.0,0.7,0.7
202,208,0,100,30,40,1.0,0.5,0.6666666666666666
203,204,0,100,30,40,0.75,0.3,0.9666666666666667
204,206,0,100,30,40,0.75,0.7,1.0666666666666667
205,201,0,100,30,40,0.5,0.3,0.9666666666666667
206,198,0,100,30,40,0.25,0.3,1.1
207,202,0,100,30,40,0.5,0.5,0.9
208,211,0,100,30,50,0.0,0.5,0.8
209,212,0,100,30,50,0.0,0.7,1.1
210,209,0,100,30,40,1.0,0.7,0.9333333333333333
211,207,0,100,30,40,1.0,0.3,0.6666666666666666
212,214,0,100,30,50,0.25,0.5,0.9
213,216,0,100,30,50,0.5,0.3,1.3
214,218,0,100,30,50,0.5,0.7,1.2
215,210,0,100,30,50,0.0,0.3,1.0
216,213,0,100,30,50,0.25,0.3,1.1333333333333333
217,222,0,100,30,50,1.0,0.3,0.8333333333333334
218,220,0,100,30,50,0.75,0.5,1.1
219,221,0,100,30,50,0.75,0.7,1.2666666666666666
220,219,0,100,30,50,0.75,0.3,0.9333333333333333
221,217,0,100,30,50,0.5,0.5,0.9
222,215,0,100,30,50,0.25,0.7,1.2333333333333334
223,224,0,100,30,50,1.0,0.7,0.9
224,223,0,100,30,50,1.0,0.5,1.1666666666666667
225,225,0,100,40,10,0.0,0.3,0.9
226,228,0,100,40,10,0.25,0.3,1.25
227,229,0,100,40,10,0.25,0.5,1.05
228,226,0,100,40,10,0.0,0.5,0.85
229,227,0,100,40,10,0.0,0.7,0.95
230,230,0,100,40,10,0.25,0.7,0.9
231,231,0,100,40,10,0.5,0.3,1.0
232,235,0,100,40,10,0.75,0.5,0.85
233,234,0,100,40,10,0.75,0.3,1.075
234,238,0,100,40,10,1.0,0.5,1.2
235,233,0,100,40,10,0.5,0.7,0.9
236,241,0,100,40,20,0.0,0.5,1.05
237,232,0,100,40,10,0.5,0.5,0.9
238,236,0,100,40,10,0.75,0.7,1.1
239,239,0,100,40,10,1.0,0.7,1.175
240,237,0,100,40,10,1.0,0.3,0.775
241,243,0,100,40,20,0.25,0.3,0.85
242,244,0,100,40,20,0.25,0.5,0.85
243,242,0,100,40,20,0.0,0.7,1.025
244,246,0,100,40,20,0.5,0.3,1.125
245,240,0,100,40,20,0.0,0.3,1.05
246,245,0,100,40,20,0.25,0.7,1.375
247,247,0,100,40,20,0.5,0.5,1.0
248,251,0,100,40,20,0.75,0.7,1.025
249,248,0,100,40,20,0.5,0.7,1.125
250,250,0,100,40,20,0.75,0.5,0.775
251,252,0,100,40,20,1.0,0.3,1.1
252,255,0,100,40,30,0.0,0.3,0.975
253,249,0,100,40,20,0.75,0.3,1.325
254,254,0,100,40,20,1.0,0.7,0.95
255,257,0,100,40,30,0.0,0.7,1.0
256,253,0,100,40,20,1.0,0.5,0.975
257,260,0,100,40,30,0.25,0.7,0.9
258,256,0,100,40,30,0.0,0.5,1.05
259,258,0,100,40,30,0.25,0.3,0.95
260,261,0,100,40,30,0.5,0.3,0.875
261,259,0,100,40,30,0.25,0.5,0.95
262,263,0,100,40,30,0.5,0.7,1.2
263,266,0,100,40,30,0.75,0.7,0.95
264,262,0,100,40,30,0.5,0.5,0.9
265,267,0,100,40,30,1.0,0.3,0.925
266,265,0,100,40,30,0.75,0.5,0.975
267,264,0,100,40,30,0.75,0.3,0.925
268,271,0,100,40,40,0.0,0.5,1.175
269,273,0,100,40,40,0.25,0.3,1.025
270,269,0,100,40,30,1.0,0.7,1.0
271,270,0,100,40,40,0.0,0.3,1.075
272,268,0,100,40,30,1.0,0.5,1.175
273,279,0,100,40,40,0.75,0.3,1.2
274,272,0,100,40,40,0.0,0.7,0.9
275,277,0,100,40,40,0.5,0.5,1.05
276,281,0,100,40,40,0.75,0.7,1.2
277,275,0,100,40,40,0.25,0.7,0.925
278,274,0,100,40,40,0.25,0.5,1.0
279,280,0,100,40,40,0.75,0.5,1.0
280,276,0,100,40,40,0.5,0.3,0.825
281,284,0,100,40,40,1.0,0.7,0.85
282,278,0,100,40,40,0.5,0.7,0.9
283,285,0,100,40,50,0.0,0.3,1.15
284,283,0,100,40,40,1.0,0.5,1.025
285,282,0,100,40,40,1.0,0.3,1.15
286,286,0,100,40,50,0.0,0.5,1.2
287,289,0,100,40,50,0.25,0.5,0.9
288,288,0,100,40,50,0.25,0.3,1.025
289,287,0,100,40,50,0.0,0.7,1.0
290,291,0,100,40,50,0.5,0.3,1.075
291,292,0,100,40,50,0.5,0.5,0.925
292,293,0,100,40,50,0.5,0.7,1.025
293,297,0,100,40,50,1.0,0.3,0.925
294,290,0,100,40,50,0.25,0.7,1.125
295,298,0,100,40,50,1.0,0.5,1.05
296,295,0,100,40,50,0.75,0.5,1.1
297,299,0,100,40,50,1.0,0.7,0.825
298,294,0,100,40,50,0.75,0.3,1.025
299,296,0,100,40,50,0.75,0.7,1.275
300,301,0,100,50,10,0.0,0.5,1.12
301,303,0,100,50,10,0.25,0.3,1.1
302,302,0,100,50,10,0.0,0.7,0.82
303,307,0,100,50,10,0.5,0.5,1.2
304,304,0,100,50,10,0.25,0.5,0.88
305,305,0,100,50,10,0.25,0.7,1.08
306,306,0,100,50,10,0.5,0.3,0.78
307,300,0,100,50,10,0.0,0.3,0.9
308,308,0,100,50,10,0.5,0.7,0.96
309,309,0,100,50,10,0.75,0.3,0.8
310,311,0,100,50,10,0.75,0.7,1.06
311,312,0,100,50,10,1.0,0.3,1.08
312,310,0,100,50,10,0.75,0.5,1.02
313,316,0,100,50,20,0.0,0.5,1.0
314,313,0,100,50,10,1.0,0.5,1.06
315,318,0,100,50,20,0.25,0.3,0.94
316,314,0,100,50,10,1.0,0.7,0.82
317,319,0,100,50,20,0.25,0.5,0.96
318,323,0,100,50,20,0.5,0.7,1.04
319,315,0,100,50,20,0.0,0.3,0.76
320,320,0,100,50,20,0.25,0.7,0.94
321,324,0,100,50,20,0.75,0.3,0.84
322,317,0,100,50,20,0.0,0.7,1.06
323,322,0,100,50,20,0.5,0.5,1.04
324,321,0,100,50,20,0.5,0.3,1.08
325,327,0,100,50,20,1.0,0.3,1.06
326,325,0,100,50,20,0.75,0.5,1.08
327,326,0,100,50,20,0.75,0.7,0.96
328,329,0,100,50,20,1.0,0.7,0.8
329,328,0,100,50,20,1.0,0.5,1.08
330,330,0,100,50,30,0.0,0.3,0.88
331,335,0,100,50,30,0.25,0.7,0.86
332,336,0,100,50,30,0.5,0.3,1.0
333,337,0,100,50,30,0.5,0.5,1.06
334,338,0,100,50,30,0.5,0.7,1.22
335,333,0,100,50,30,0.25,0.3,1.0
336,332,0,100,50,30,0.0,0.7,1.1
337,331,0,100,50,30,0.0,0.5,1.1
338,341,0,100,50,30,0.75,0.7,1.14
339,339,0,100,50,30,0.75,0.3,0.96
340,340,0,100,50,30,0.75,0.5,0.98
341,334,0,100,50,30,0.25,0.5,0.9
342,344,0,100,50,30,1.0,0.7,0.84
343,343,0,100,50,30,1.0,0.5,0.88
344,342,0,100,50,30,1.0,0.3,1.02
345,346,0,100,50,40,0.0,0.5,0.98
346,347,0,100,50,40,0.0,0.7,1.0
347,349,0,100,50,40,0.25,0.5,0.84
348,348,0,100,50,40,0.25,0.3,1.12
349,354,0,100,50,40,0.75,0.3,0.9
350,345,0,100,50,40,0.0,0.3,1.06
351,352,0,100,50,40,0.5,0.5,1.06
352,358,0,100,50,40,1.0,0.5,1.08
353,351,0,100,50,40,0.5,0.3,1.08
354,356,0,100,50,40,0.75,0.7,0.84
355,355,0,100,50,40,0.75,0.5,0.92
356,350,0,100,50,40,0.25,0.7,0.8
357,359,0,100,50,40,1.0,0.7,1.06
358,357,0,100,50,40,1.0,0.3,1.02
359,353,0,100,50,40,0.5,0.7,0.9
360,362,0,100,50,50,0.0,0.7,0.72
361,360,0,100,50,50,0.0,0.3,0.94
362,375,1,100,10,10,0.0,0.3,1.3
363,363,0,100,50,50,0.25,0.3,0.96
364,364,0,100,50,50,0.25,0.5,0.78
365,377,1,100,10,10,0.0,0.7,1.0
366,361,0,100,50,50,0.0,0.5,0.98
367,376,1,100,10,10,0.0,0.5,1.0
368,379,1,100,10,10,0.25,0.5,1.3
369,365,0,100,50,50,0.25,0.7,1.12
370,378,1,100,10,10,0.25,0.3,0.7
371,380,1,100,10,10,0.25,0.7,1.0
372,381,1,100,10,10,0.5,0.3,1.0
373,383,1,100,10,10,0.5,0.7,0.6
374,384,1,100,10,10,0.75,0.3,1.0
375,385,1,100,10,10,0.75,0.5,0.8
376,387,1,100,10,10,1.0,0.3,1.1
377,382,1,100,10,10,0.5,0.5,1.5
378,386,1,100,10,10,0.75,0.7,1.2
379,388,1,100,10,10,1.0,0.5,0.6
380,389,1,100,10,10,1.0,0.7,1.2
381,390,1,100,10,20,0.0,0.3,1.4
382,374,0,100,50,50,1.0,0.7,0.96
383,391,1,100,10,20,0.0,0.5,0.6
384,371,0,100,50,50,0.75,0.7,0.96
385,392,1,100,10,20,0.0,0.7,0.9
386,395,1,100,10,20,0.25,0.7,1.1
387,369,0,100,50,50,0.75,0.3,1.06
388,366,0,100,50,50,0.5,0.3,0.94
389,368,0,100,50,50,0.5,0.7,0.92
390,394,1,100,10,20,0.25,0.5,0.4
391,367,0,100,50,50,0.5,0.5,0.9
392,393,1,100,10,20,0.25,0.3,0.6
393,398,1,100,10,20,0.5,0.7,1.6
394,400,1,100,10,20,0.75,0.5,1.1
395,399,1,100,10,20,0.75,0.3,0.7
396,396,1,100,10,20,0.5,0.3,1.0
397,397,1,100,10,20,0.5,0.5,1.2
398,372,0,100,50,50,1.0,0.3,1.0
399,401,1,100,10,20,0.75,0.7,1.4
400,402,1,100,10,20,1.0,0.3,1.0
401,404,1,100,10,20,1.0,0.7,0.8
402,403,1,100,10,20,1.0,0.5,1.2
403,407,1,100,10,30,0.0,0.7,1.0
404,410,1,100,10,30,0.25,0.7,0.8
405,411,1,100,10,30,0.5,0.3,1.2
406,409,1,100,10,30,0.25,0.5,1.0
407,405,1,100,10,30,0.0,0.3,0.9
408,406,1,100,10,30,0.0,0.5,0.8
409,408,1,100,10,30,0.25,0.3,0.7
410,414,1,100,10,30,0.75,0.3,1.1
411,415,1,100,10,30,0.75,0.5,1.1
412,413,1,100,10,30,0.5,0.7,0.9
413,412,1,100,10,30,0.5,0.5,1.0
414,417,1,100,10,30,1.0,0.3,1.5
415,373,0,100,50,50,1.0,0.5,0.94
416,416,1,100,10,30,0.75,0.7,1.5
417,418,1,100,10,30,1.0,0.5,1.3
418,420,1,100,10,40,0.0,0.3,1.0
419,370,0,100,50,50,0.75,0.5,1.06
420,421,1,100,10,40,0.0,0.5,1.0
421,422,1,100,10,40,0.0,0.7,1.3
422,419,1,100,10,30,1.0,0.7,0.6
423,425,1,100,10,40,0.25,0.7,1.4
424,423,1,100,10,40,0.25,0.3,0.6
425,424,1,100,10,40,0.25,0.5,1.0
426,426,1,100,10,40,0.5,0.3,0.8
427,430,1,100,10,40,0.75,0.5,1.0
428,427,1,100,10,40,0.5,0.5,0.5
429,428,1,100,10,40,0.5,0.7,1.1
430,434,1,100,10,40,1.0,0.7,1.0
431,433,1,100,10,40,1.0,0.5,0.8
432,432,1,100,10,40,1.0,0.3,1.3
433,431,1,100,10,40,0.75,0.7,1.1
434,436,1,100,10,50,0.0,0.5,1.1
435,429,1,100,10,40,0.75,0.3,1.1
436,435,1,100,10,50,0.0,0.3,1.1
437,437,1,100,10,50,0.0,0.7,0.8
438,440,1,100,10,50,0.25,0.7,0.8
439,439,1,100,10,50,0.25,0.5,0.9
440,438,1,100,10,50,0.25,0.3,0.8
441,443,1,100,10,50,0.5,0.7,0.7
442,446,1,100,10,50,0.75,0.7,1.4
443,445,1,100,10,50,0.75,0.5,0.5
444,442,1,100,10,50,0.5,0.5,0.7
445,447,1,100,10,50,1.0,0.3,1.0
446,441,1,100,10,50,0.5,0.3,0.9
447,444,1,100,10,50,0.75,0.3,0.8
448,450,1,100,20,10,0.0,0.3,0.8
449,449,1,100,10,50,1.0,0.7,0.8
450,452,1,100,20,10,0.0,0.7,1.0
451,448,1,100,10,50,1.0,0.5,0.9
452,453,1,100,20,10,0.25,0.3,0.85
453,454,1,100,20,10,0.25,0.5,0.8
454,451,1,100,20,10,0.0,0.5,0.9
455,457,1,100,20,10,0.5,0.5,0.9
456,455,1,100,20,10,0.25,0.7,1.25
457,461,1,100,20,10,0.75,0.7,1.1
458,456,1,100,20,10,0.5,0.3,1.35
459,459,1,100,20,10,0.75,0.3,1.05
460,458,1,100,20,10,0.5,0.7,1.15
461,460,1,100,20,10,0.75,0.5,1.1
462,463,1,100,20,10,1.0,0.5,1.05
463,464,1,100,20,10,1.0,0.7,0.8
464,462,1,100,20,10,1.0,0.3,1.0
465,466,1,100,20,20,0.0,0.5,0.85
466,469,1,100,20,20,0.25,0.5,1.0
467,473,1,100,20,20,0.5,0.7,1.4
468,472,1,100,20,20,0.5,0.5,1.2
469,467,1,100,20,20,0.0,0.7,1.05
470,470,1,100,20,20,0.25,0.7,1.25
471,468,1,100,20,20,0.25,0.3,0.9
472,475,1,100,20,20,0.75,0.5,1.3
473,474,1,100,20,20,0.75,0.3,0.95
474,465,1,100,20,20,0.0,0.3,1.05
475,471,1,100,20,20,0.5,0.3,1.35
476,478,1,100,20,20,1.0,0.5,1.05
477,479,1,100,20,20,1.0,0.7,1.1
478,477,1,100,20,20,1.0,0.3,0.9
479,476,1,100,20,20,0.75,0.7,0.75
480,481,1,100,20,30,0.0,0.5,0.9
481,482,1,100,20,30,0.0,0.7,0.9
482,480,1,100,20,30,0.0,0.3,0.85
483,485,1,100,20,30,0.25,0.7,0.7
484,487,1,100,20,30,0.5,0.5,1.05
485,490,1,100,20,30,0.75,0.5,0.9
486,493,1,100,20,30,1.0,0.5,0.85
487,492,1,100,20,30,1.0,0.3,1.2
488,486,1,100,20,30,0.5,0.3,1.15
489,483,1,100,20,30,0.25,0.3,1.0
490,488,1,100,20,30,0.5,0.7,1.3
491,484,1,100,20,30,0.25,0.5,1.3
492,489,1,100,20,30,0.75,0.3,0.65
493,491,1,100,20,30,0.75,0.7,0.6
494,495,1,100,20,40,0.0,0.3,1.0
495,496,1,100,20,40,0.0,0.5,0.85
496,494,1,100,20,30,1.0,0.7,0.95
497,499,1,100,20,40,0.25,0.5,1.05
498,501,1,100,20,40,0.5,0.3,0.9
499,497,1,100,20,40,0.0,0.7,1.0
500,502,1,100,20,40,0.5,0.5,0.9
501,503,1,100,20,40,0.5,0.7,1.05
502,505,1,100,20,40,0.75,0.5,0.9
503,498,1,100,20,40,0.25,0.3,0.95
504,509,1,100,20,40,1.0,0.7,1.15
505,508,1,100,20,40,1.0,0.5,1.3
506,500,1,100,20,40,0.25,0.7,1.1
507,506,1,100,20,40,0.75,0.7,0.9
508,510,1,100,20,50,0.0,0.3,0.8
509,504,1,100,20,40,0.75,0.3,1.05
510,507,1,100,20,40,1.0,0.3,1.1
511,514,1,100,20,50,0.25,0.5,0.55
512,516,1,100,20,50,0.5,0.3,0.85
513,517,1,100,20,50,0.5,0.5,0.75
514,519,1,100,20,50,0.75,0.3,1.15
515,512,1,100,20,50,0.0,0.7,1.25
516,511,1,100,20,50,0.0,0.5,0.75
517,524,1,100,20,50,1.0,0.7,1.35
518,520,1,100,20,50,0.75,0.5,1.0
519,521,1,100,20,50,0.75,0.7,0.9
520,515,1,100,20,50,0.25,0.7,0.8
521,522,1,100,20,50,1.0,0.3,0.85
522,518,1,100,20,50,0.5,0.7,0.75
523,513,1,100,20,50,0.25,0.3,1.0
524,523,1,100,20,50,1.0,0.5,1.25
525,525,1,100,30,10,0.0,0.3,1.0666666666666667
526,527,1,100,30,10,0.0,0.7,0.9666666666666667
527,528,1,100,30,10,0.25,0.3,1.1333333333333333
528,529,1,100,30,10,0.25,0.5,0.9
529,526,1,100,30,10,0.0,0.5,0.7333333333333333
530,530,1,100,30,10,0.25,0.7,1.0
531,533,1,100,30,10,0.5,0.7,0.7
532,531,1,100,30,10,0.5,0.3,1.0666666666666667
533,535,1,100,30,10,0.75,0.5,0.9333333333333333
534,537,1,100,30,10,1.0,0.3,1.0
535,534,1,100,30,10,0.75,0.3,1.1333333333333333
536,532,1,100,30,10,0.5,0.5,0.8
537,538,1,100,30,10,1.0,0.5,0.8333333333333334
538,536,1,100,30,10,0.75,0.7,0.9
539,539,1,100,30,10,1.0,0.7,1.1333333333333333
540,543,1,100,30,20,0.25,0.3,0.8666666666666667
541,542,1,100,30,20,0.0,0.7,0.8333333333333334
542,544,1,100,30,20,0.25,0.5,0.9
543,540,1,100,30,20,0.0,0.3,0.9
544,546,1,100,30,20,0.5,0.3,1.0
545,541,1,100,30,20,0.0,0.5,1.2333333333333334
546,548,1,100,30,20,0.5,0.7,0.9
547,550,1,100,30,20,0.75,0.5,1.0
548,545,1,100,30,20,0.25,0.7,0.8666666666666667
549,547,1,100,30,20,0.5,0.5,0.8666666666666667
550,551,1,100,30,20,0.75,0.7,1.1
551,552,1,100,30,20,1.0,0.3,0.9
552,549,1,100,30,20,0.75,0.3,1.3333333333333333
553,557,1,100,30,30,0.0,0.7,1.0333333333333334
554,556,1,100,30,30,0.0,0.5,0.8666666666666667
555,558,1,100,30,30,0.25,0.3,1.0
556,560,1,100,30,30,0.25,0.7,1.0
557,553,1,100,30,20,1.0,0.5,0.9666666666666667
558,555,1,100,30,30,0.0,0.3,0.9333333333333333
559,554,1,100,30,20,1.0,0.7,1.1333333333333333
560,559,1,100,30,30,0.25,0.5,1.1666666666666667
561,562,1,100,30,30,0.5,0.5,0.7666666666666667
562,561,1,100,30,30,0.5,0.3,1.1333333333333333
563,564,1,100,30,30,0.75,0.3,1.1333333333333333
564,565,1,100,30,30,0.75,0.5,1.3666666666666667
565,569,1,100,30,30,1.0,0.7,1.0666666666666667
566,563,1,100,30,30,0.5,0.7,1.1
567,570,1,100,30,40,0.0,0.3,0.9
568,566,1,100,30,30,0.75,0.7,0.8666666666666667
569,568,1,100,30,30,1.0,0.5,0.8
570,572,1,100,30,40,0.0,0.7,1.0
571,571,1,100,30,40,0.0,0.5,0.8333333333333334
572,567,1,100,30,30,1.0,0.3,1.0
573,577,1,100,30,40,0.5,0.5,0.9
574,575,1,100,30,40,0.25,0.7,0.9666666666666667
575,574,1,100,30,40,0.25,0.5,1.2333333333333334
576,576,1,100,30,40,0.5,0.3,0.8333333333333334
577,573,1,100,30,40,0.25,0.3,0.9666666666666667
578,581,1,100,30,40,0.75,0.7,1.0666666666666667
579,583,1,100,30,40,1.0,0.5,0.8333333333333334
580,580,1,100,30,40,0.75,0.5,1.0666666666666667
581,579,1,100,30,40,0.75,0.3,1.0333333333333334
582,578,1,100,30,40,0.5,0.7,1.1
583,586,1,100,30,50,0.0,0.5,1.1
584,585,1,100,30,50,0.0,0.3,0.8333333333333334
585,589,1,100,30,50,0.25,0.5,0.7666666666666667
586,582,1,100,30,40,1.0,0.3,1.0333333333333334
587,587,1,100,30,50,0.0,0.7,1.4
588,588,1,100,30,50,0.25,0.3,1.0666666666666667
589,584,1,100,30,40,1.0,0.7,1.0666666666666667
590,590,1,100,30,50,0.25,0.7,1.1
591,593,1,100,30,50,0.5,0.7,1.2666666666666666
592,595,1,100,30,50,0.75,0.5,1.0333333333333334
593,592,1,100,30,50,0.5,0.5,0.9
594,599,1,100,30,50,1.0,0.7,1.0
595,594,1,100,30,50,0.75,0.3,1.1333333333333333
596,591,1,100,30,50,0.5,0.3,0.9
597,596,1,100,30,50,0.75,0.7,1.0333333333333334
598,597,1,100,30,50,1.0,0.3,0.8333333333333334
599,598,1,100,30,50,1.0,0.5,1.2333333333333334
600,601,1,100,40,10,0.0,0.5,1.1
601,600,1,100,40,10,0.0,0.3,0.95
602,603,1,100,40,10,0.25,0.3,0.85
603,602,1,100,40,10,0.0,0.7,0.975
604,608,1,100,40,10,0.5,0.7,1.075
605,607,1,100,40,10,0.5,0.5,0.8
606,605,1,100,40,10,0.25,0.7,0.95
607,613,1,100,40,10,1.0,0.5,1.25
608,606,1,100,40,10,0.5,0.3,1.0
609,604,1,100,40,10,0.25,0.5,0.95
610,617,1,100,40,20,0.0,0.7,1.0
611,611,1,100,40,10,0.75,0.7,1.025
612,618,1,100,40,20,0.25,0.3,0.875
613,610,1,100,40,10,0.75,0.5,1.075
614,609,1,100,40,10,0.75,0.3,1.15
615,614,1,100,40,10,1.0,0.7,1.0
616,612,1,100,40,10,1.0,0.3,1.15
617,616,1,100,40,20,0.0,0.5,0.85
618,620,1,100,40,20,0.25,0.7,1.075
619,615,1,100,40,20,0.0,0.3,1.05
620,621,1,100,40,20,0.5,0.3,1.125
621,619,1,100,40,20,0.25,0.5,1.0
622,623,1,100,40,20,0.5,0.7,1.0
623,622,1,100,40,20,0.5,0.5,0.95
624,628,1,100,40,20,1.0,0.5,0.875
625,626,1,100,40,20,0.75,0.7,0.95
626,624,1,100,40,20,0.75,0.3,1.1
627,631,1,100,40,30,0.0,0.5,0.925
628,633,1,100,40,30,0.25,0.3,1.075
629,630,1,100,40,30,0.0,0.3,1.1
630,632,1,100,40,30,0.0,0.7,1.2
631,629,1,100,40,20,1.0,0.7,1.1
632,634,1,100,40,30,0.25,0.5,1.15
633,636,1,100,40,30,0.5,0.3,1.125
634,627,1,100,40,20,1.0,0.3,1.0
635,625,1,100,40,20,0.75,0.5,0.95
636,635,1,100,40,30,0.25,0.7,1.025
637,638,1,100,40,30,0.5,0.7,1.025
638,639,1,100,40,30,0.75,0.3,0.75
639,643,1,100,40,30,1.0,0.5,1.0
640,642,1,100,40,30,1.0,0.3,1.0
641,637,1,100,40,30,0.5,0.5,0.975
642,641,1,100,40,30,0.75,0.7,1.25
643,647,1,100,40,40,0.0,0.7,1.025
644,648,1,100,40,40,0.25,0.3,0.9
645,645,1,100,40,40,0.0,0.3,0.95
646,640,1,100,40,30,0.75,0.5,0.975
647,649,1,100,40,40,0.25,0.5,0.95
648,646,1,100,40,40,0.0,0.5,0.8
649,644,1,100,40,30,1.0,0.7,0.975
650,650,1,100,40,40,0.25,0.7,1.075
651,651,1,100,40,40,0.5,0.3,0.925
652,653,1,100,40,40,0.5,0.7,1.05
653,655,1,100,40,40,0.75,0.5,0.925
654,652,1,100,40,40,0.5,0.5,0.95
655,657,1,100,40,40,1.0,0.3,1.175
656,654,1,100,40,40,0.75,0.3,1.175
657,663,1,100,40,50,0.25,0.3,0.8
658,662,1,100,40,50,0.0,0.7,0.875
659,656,1,100,40,40,0.75,0.7,0.925
660,658,1,100,40,40,1.0,0.5,1.1
661,666,1,100,40,50,0.5,0.3,1.15
662,659,1,100,40,40,1.0,0.7,1.125
663,661,1,100,40,50,0.0,0.5,0.9
664,660,1,100,40,50,0.0,0.3,1.05
665,668,1,100,40,50,0.5,0.7,0.725
666,664,1,100,40,50,0.25,0.5,1.0
667,665,1,100,40,50,0.25,0.7,1.075
668,669,1,100,40,50,0.75,0.3,1.1
669,667,1,100,40,50,0.5,0.5,0.95
670,674,1,100,40,50,1.0,0.7,1.05
671,673,1,100,40,50,1.0,0.5,0.9
672,671,1,100,40,50,0.75,0.7,1.075
673,670,1,100,40,50,0.75,0.5,1.225
674,677,1,100,50,10,0.0,0.7,0.76
675,675,1,100,50,10,0.0,0.3,1.26
676,676,1,100,50,10,0.0,0.5,0.92
677,672,1,100,40,50,1.0,0.3,1.0
678,678,1,100,50,10,0.25,0.3,0.86
679,681,1,100,50,10,0.5,0.3,0.8
680,682,1,100,50,10,0.5,0.5,0.94
681,679,1,100,50,10,0.25,0.5,1.1
682,683,1,100,50,10,0.5,0.7,1.12
683,680,1,100,50,10,0.25,0.7,0.9
684,685,1,100,50,10,0.75,0.5,0.84
685,686,1,100,50,10,0.75,0.7,0.98
686,687,1,100,50,10,1.0,0.3,1.08
687,684,1,100,50,10,0.75,0.3,1.06
688,688,1,100,50,10,1.0,0.5,0.96
689,690,1,100,50,20,0.0,0.3,0.96
690,691,1,100,50,20,0.0,0.5,0.98
691,695,1,100,50,20,0.25,0.7,0.92
692,694,1,100,50,20,0.25,0.5,1.02
693,689,1,100,50,10,1.0,0.7,0.98
694,692,1,100,50,20,0.0,0.7,0.94
695,693,1,100,50,20,0.25,0.3,0.76
696,696,1,100,50,20,0.5,0.3,1.06
697,697,1,100,50,20,0.5,0.5,1.1
698,702,1,100,50,20,1.0,0.3,1.0
699,703,1,100,50,20,1.0,0.5,0.94
700,700,1,100,50,20,0.75,0.5,0.98
701,698,1,100,50,20,0.5,0.7,1.08
702,699,1,100,50,20,0.75,0.3,1.08
703,701,1,100,50,20,0.75,0.7,1.02
704,705,1,100,50,30,0.0,0.3,1.1
705,707,1,100,50,30,0.0,0.7,0.98
706,704,1,100,50,20,1.0,0.7,1.12
707,706,1,100,50,30,0.0,0.5,1.04
708,709,1,100,50,30,0.25,0.5,0.94
709,713,1,100,50,30,0.5,0.7,0.86
710,708,1,100,50,30,0.25,0.3,0.64
711,714,1,100,50,30,0.75,0.3,0.94
712,715,1,100,50,30,0.75,0.5,1.0
713,710,1,100,50,30,0.25,0.7,0.96
714,711,1,100,50,30,0.5,0.3,0.98
715,716,1,100,50,30,0.75,0.7,1.22
716,717,1,100,50,30,1.0,0.3,0.78
717,720,1,100,50,40,0.0,0.3,1.26
718,712,1,100,50,30,0.5,0.5,0.88
719,721,1,100,50,40,0.0,0.5,0.98
720,719,1,100,50,30,1.0,0.7,1.0
721,718,1,100,50,30,1.0,0.5,1.04
722,725,1,100,50,40,0.25,0.7,0.9
723,722,1,100,50,40,0.0,0.7,1.04
724,728,1,100,50,40,0.5,0.7,0.98
725,727,1,100,50,40,0.5,0.5,0.82
726,723,1,100,50,40,0.25,0.3,1.14
727,731,1,100,50,40,0.75,0.7,1.18
728,729,1,100,50,40,0.75,0.3,1.0
729,732,1,100,50,40,1.0,0.3,1.02
730,734,1,100,50,40,1.0,0.7,0.96
731,724,1,100,50,40,0.25,0.5,0.84
732,733,1,100,50,40,1.0,0.5,1.1
733,735,1,100,50,50,0.0,0.3,1.12
734,726,1,100,50,40,0.5,0.3,0.82
735,730,1,100,50,40,0.75,0.5,0.82
736,750,2,100,10,10,0.0,0.3,0.6
737,751,2,100,10,10,0.0,0.5,1.0
738,738,1,100,50,50,0.25,0.3,0.96
739,736,1,100,50,50,0.0,0.5,0.92
740,740,1,100,50,50,0.25,0.7,1.1
741,753,2,100,10,10,0.25,0.3,1.1
742,741,1,100,50,50,0.5,0.3,1.0
743,752,2,100,10,10,0.0,0.7,1.0
744,737,1,100,50,50,0.0,0.7,0.98
745,739,1,100,50,50,0.25,0.5,1.02
746,756,2,100,10,10,0.5,0.3,1.3
747,754,2,100,10,10,0.25,0.5,1.1
748,742,1,100,50,50,0.5,0.5,1.04
749,757,2,100,10,10,0.5,0.5,1.1
750,758,2,100,10,10,0.5,0.7,0.9
751,755,2,100,10,10,0.25,0.7,1.0
752,743,1,100,50,50,0.5,0.7,0.8
753,759,2,100,10,10,0.75,0.3,1.5
754,744,1,100,50,50,0.75,0.3,1.3
755,762,2,100,10,10,1.0,0.3,1.2
756,763,2,100,10,10,1.0,0.5,0.7
757,761,2,100,10,10,0.75,0.7,0.5
758,760,2,100,10,10,0.75,0.5,1.4
759,765,2,100,10,20,0.0,0.3,0.9
760,766,2,100,10,20,0.0,0.5,1.4
761,764,2,100,10,10,1.0,0.7,0.9
762,746,1,100,50,50,0.75,0.7,1.12
763,749,1,100,50,50,1.0,0.7,1.12
764,769,2,100,10,20,0.25,0.5,0.6
765,745,1,100,50,50,0.75,0.5,1.06
766,768,2,100,10,20,0.25,0.3,0.8
767,771,2,100,10,20,0.5,0.3,1.3
768,772,2,100,10,20,0.5,0.5,1.2
769,767,2,100,10,20,0.0,0.7,0.7
770,776,2,100,10,20,0.75,0.7,1.3
771,770,2,100,10,20,0.25,0.7,0.9
772,748,1,100,50,50,1.0,0.5,0.82
773,777,2,100,10,20,1.0,0.3,0.6
774,773,2,100,10,20,0.5,0.7,1.1
775,774,2,100,10,20,0.75,0.3,1.2
776,779,2,100,10,20,1.0,0.7,1.3
777,775,2,100,10,20,0.75,0.5,1.0
778,780,2,100,10,30,0.0,0.3,1.0
779,783,2,100,10,30,0.25,0.3,1.1
780,784,2,100,10,30,0.25,0.5,1.1
781,747,1,100,50,50,1.0,0.3,1.0
782,785,2,100,10,30,0.25,0.7,1.0
783,786,2,100,10,30,0.5,0.3,1.1
784,782,2,100,10,30,0.0,0.7,0.8
785,781,2,100,10,30,0.0,0.5,0.6
786,778,2,100,10,20,1.0,0.5,0.7
787,794,2,100,10,30,1.0,0.7,1.1
788,787,2,100,10,30,0.5,0.5,1.4
789,791,2,100,10,30,0.75,0.7,1.1
790,788,2,100,10,30,0.5,0.7,1.1
791,792,2,100,10,30,1.0,0.3,1.7
792,790,2,100,10,30,0.75,0.5,1.5
793,793,2,100,10,30,1.0,0.5,1.3
794,795,2,100,10,40,0.0,0.3,1.1
795,796,2,100,10,40,0.0,0.5,1.2
796,789,2,100,10,30,0.75,0.3,1.1
797,798,2,100,10,40,0.25,0.3,1.0
798,797,2,100,10,40,0.0,0.7,0.6
799,800,2,100,10,40,0.25,0.7,1.1
800,803,2,100,10,40,0.5,0.7,1.0
801,805,2,100,10,40,0.75,0.5,1.0
802,802,2,100,10,40,0.5,0.5,1.0
803,799,2,100,10,40,0.25,0.5,0.9
804,804,2,100,10,40,0.75,0.3,0.8
805,801,2,100,10,40,0.5,0.3,0.7
806,808,2,100,10,40,1.0,0.5,1.3
807,813,2,100,10,50,0.25,0.3,1.0
808,811,2,100,10,50,0.0,0.5,1.1
809,806,2,100,10,40,0.75,0.7,0.3
810,810,2,100,10,50,0.0,0.3,0.7
811,809,2,100,10,40,1.0,0.7,0.8
812,807,2,100,10,40,1.0,0.3,1.5
813,816,2,100,10,50,0.5,0.3,1.3
814,815,2,100,10,50,0.25,0.7,0.9
815,817,2,100,10,50,0.5,0.5,0.7
816,812,2,100,10,50,0.0,0.7,0.9
817,820,2,100,10,50,0.75,0.5,0.9
818,814,2,100,10,50,0.25,0.5,0.7
819,823,2,100,10,50,1.0,0.5,1.4
820,824,2,100,10,50,1.0,0.7,0.8
821,819,2,100,10,50,0.75,0.3,0.8
822,821,2,100,10,50,0.75,0.7,0.9
823,822,2,100,10,50,1.0,0.3,1.0
824,818,2,100,10,50,0.5,0.7,1.2
825,826,2,100,20,10,0.0,0.5,1.3
826,830,2,100,20,10,0.25,0.7,0.6
827,828,2,100,20,10,0.25,0.3,0.75
828,831,2,100,20,10,0.5,0.3,1.2
829,825,2,100,20,10,0.0,0.3,0.9
830,827,2,100,20,10,0.0,0.7,1.0
831,832,2,100,20,10,0.5,0.5,1.2
832,833,2,100,20,10,0.5,0.7,1.25
833,829,2,100,20,10,0.25,0.5,1.3
834,836,2,100,20,10,0.75,0.7,1.3
835,835,2,100,20,10,0.75,0.5,1.1
836,834,2,100,20,10,0.75,0.3,1.05
837,838,2,100,20,10,1.0,0.5,1.05
838,837,2,100,20,10,1.0,0.3,1.2
839,841,2,100,20,20,0.0,0.5,1.2
840,840,2,100,20,20,0.0,0.3,1.25
841,843,2,100,20,20,0.25,0.3,0.7
842,844,2,100,20,20,0.25,0.5,0.95
843,842,2,100,20,20,0.0,0.7,1.0
844,847,2,100,20,20,0.5,0.5,1.15
845,845,2,100,20,20,0.25,0.7,1.4
846,839,2,100,20,10,1.0,0.7,1.1
847,848,2,100,20,20,0.5,0.7,1.05
848,851,2,100,20,20,0.75,0.7,1.15
849,849,2,100,20,20,0.75,0.3,0.95
850,853,2,100,20,20,1.0,0.5,1.2
851,852,2,100,20,20,1.0,0.3,1.1
852,846,2,100,20,20,0.5,0.3,1.0
853,854,2,100,20,20,1.0,0.7,0.65
854,855,2,100,20,30,0.0,0.3,0.75
855,857,2,100,20,30,0.0,0.7,0.8
856,856,2,100,20,30,0.0,0.5,1.0
857,850,2,100,20,20,0.75,0.5,0.75
858,859,2,100,20,30,0.25,0.5,1.05
859,858,2,100,20,30,0.25,0.3,1.1
860,861,2,100,20,30,0.5,0.3,0.95
861,860,2,100,20,30,0.25,0.7,0.9
862,863,2,100,20,30,0.5,0.7,1.25
863,862,2,100,20,30,0.5,0.5,1.05
864,864,2,100,20,30,0.75,0.3,1.25
865,867,2,100,20,30,1.0,0.3,0.95
866,866,2,100,20,30,0.75,0.7,0.75
867,865,2,100,20,30,0.75,0.5,1.0
868,870,2,100,20,40,0.0,0.3,1.2
869,871,2,100,20,40,0.0,0.5,0.65
870,872,2,100,20,40,0.0,0.7,0.95
871,875,2,100,20,40,0.25,0.7,0.95
872,873,2,100,20,40,0.25,0.3,0.95
873,877,2,100,20,40,0.5,0.5,0.95
874,868,2,100,20,30,1.0,0.5,0.8
875,876,2,100,20,40,0.5,0.3,0.95
876,880,2,100,20,40,0.75,0.5,0.95
877,879,2,100,20,40,0.75,0.3,1.1
878,869,2,100,20,30,1.0,0.7,0.4
879,878,2,100,20,40,0.5,0.7,1.0
880,874,2,100,20,40,0.25,0.5,0.7
881,883,2,100,20,40,1.0,0.5,0.8
882,882,2,100,20,40,1.0,0.3,0.8
883,885,2,100,20,50,0.0,0.3,0.95
884,886,2,100,20,50,0.0,0.5,0.9
885,884,2,100,20,40,1.0,0.7,1.0
886,881,2,100,20,40,0.75,0.7,1.1
887,889,2,100,20,50,0.25,0.5,0.45
888,887,2,100,20,50,0.0,0.7,1.25
889,888,2,100,20,50,0.25,0.3,0.7
890,894,2,100,20,50,0.75,0.3,0.7
891,892,2,100,20,50,0.5,0.5,0.95
892,891,2,100,20,50,0.5,0.3,0.85
893,897,2,100,20,50,1.0,0.3,1.3
894,895,2,100,20,50,0.75,0.5,0.85
895,896,2,100,20,50,0.75,0.7,0.7
896,890,2,100,20,50,0.25,0.7,1.25
897,893,2,100,20,50,0.5,0.7,1.2
898,899,2,100,20,50,1.0,0.7,1.05
899,898,2,100,20,50,1.0,0.5,0.85
900,907,2,100,30,10,0.5,0.5,1.0666666666666667
901,901,2,100,30,10,0.0,0.5,1.1333333333333333
902,906,2,100,30,10,0.5,0.3,1.1333333333333333
903,904,2,100,30,10,0.25,0.5,1.0666666666666667
904,905,2,100,30,10,0.25,0.7,0.9666666666666667
905,902,2,100,30,10,0.0,0.7,1.0666666666666667
906,908,2,100,30,10,0.5,0.7,1.0333333333333334
907,909,2,100,30,10,0.75,0.3,1.1
908,900,2,100,30,10,0.0,0.3,0.7333333333333333
909,916,2,100,30,20,0.0,0.5,0.9666666666666667
910,919,2,100,30,20,0.25,0.5,1.1
911,911,2,100,30,10,0.75,0.7,1.1666666666666667
912,922,2,100,30,20,0.5,0.5,1.1333333333333333
913,903,2,100,30,10,0.25,0.3,1.0
914,910,2,100,30,10,0.75,0.5,1.2333333333333334
915,914,2,100,30,10,1.0,0.7,1.0
916,918,2,100,30,20,0.25,0.3,0.9666666666666667
917,923,2,100,30,20,0.5,0.7,0.8333333333333334
918,915,2,100,30,20,0.0,0.3,1.1333333333333333
919,920,2,100,30,20,0.25,0.7,1.0666666666666667
920,912,2,100,30,10,1.0,0.3,1.3333333333333333
921,917,2,100,30,20,0.0,0.7,1.1
922,921,2,100,30,20,0.5,0.3,0.7
923,913,2,100,30,10,1.0,0.5,0.7333333333333333
924,924,2,100,30,20,0.75,0.3,1.0333333333333334
925,925,2,100,30,20,0.75,0.5,0.9666666666666667
926,926,2,100,30,20,0.75,0.7,0.9333333333333333
927,928,2,100,30,20,1.0,0.5,1.0333333333333334
928,933,2,100,30,30,0.25,0.3,1.2333333333333334
929,927,2,100,30,20,1.0,0.3,0.9666666666666667
930,929,2,100,30,20,1.0,0.7,1.0666666666666667
931,930,2,100,30,30,0.0,0.3,1.0666666666666667
932,935,2,100,30,30,0.25,0.7,0.8666666666666667
933,932,2,100,30,30,0.0,0.7,0.9666666666666667
934,931,2,100,30,30,0.0,0.5,1.0
935,938,2,100,30,30,0.5,0.7,1.1
936,934,2,100,30,30,0.25,0.5,1.3
937,940,2,100,30,30,0.75,0.5,0.8
938,937,2,100,30,30,0.5,0.5,0.8
939,936,2,100,30,30,0.5,0.3,1.0666666666666667
940,941,2,100,30,30,0.75,0.7,1.0
941,939,2,100,30,30,0.75,0.3,1.0333333333333334
942,942,2,100,30,30,1.0,0.3,0.7666666666666667
943,943,2,100,30,30,1.0,0.5,0.9666666666666667
944,944,2,100,30,30,1.0,0.7,0.8333333333333334
945,945,2,100,30,40,0.0,0.3,0.9
946,948,2,100,30,40,0.25,0.3,1.0333333333333334
947,946,2,100,30,40,0.0,0.5,0.8
948,947,2,100,30,40,0.0,0.7,1.2666666666666666
949,949,2,100,30,40,0.25,0.5,1.1
950,953,2,100,30,40,0.5,0.7,1.3333333333333333
951,956,2,100,30,40,0.75,0.7,1.2
952,958,2,100,30,40,1.0,0.5,0.7333333333333333
953,959,2,100,30,40,1.0,0.7,1.0
954,955,2,100,30,40,0.75,0.5,1.2333333333333334
955,950,2,100,30,40,0.25,0.7,1.0
956,952,2,100,30,40,0.5,0.5,1.3
957,954,2,100,30,40,0.75,0.3,1.1
958,951,2,100,30,40,0.5,0.3,1.1
959,957,2,100,30,40,1.0,0.3,0.8333333333333334
960,960,2,100,30,50,0.0,0.3,0.6666666666666666
961,961,2,100,30,50,0.0,0.5,0.8333333333333334
962,964,2,100,30,50,0.25,0.5,0.8
963,962,2,100,30,50,0.0,0.7,1.0666666666666667
964,963,2,100,30,50,0.25,0.3,1.0333333333333334
965,967,2,100,30,50,0.5,0.5,1.2
966,968,2,100,30,50,0.5,0.7,1.3333333333333333
967,969,2,100,30,50,0.75,0.3,1.1
968,965,2,100,30,50,0.25,0.7,1.0666666666666667
969,970,2,100,30,50,0.75,0.5,0.9
970,966,2,100,30,50,0.5,0.3,0.8333333333333334
971,974,2,100,30,50,1.0,0.7,1.3333333333333333
972,971,2,100,30,50,0.75,0.7,1.0
973,972,2,100,30,50,1.0,0.3,0.9333333333333333
974,973,2,100,30,50,1.0,0.5,1.0666666666666667
975,982,2,100,40,10,0.5,0.5,1.05
976,976,2,100,40,10,0.0,0.5,0.975
977,975,2,100,40,10,0.0,0.3,1.2
978,983,2,100,40,10,0.5,0.7,0.875
979,984,2,100,40,10,0.75,0.3,0.975
980,979,2,100,40,10,0.25,0.5,0.925
981,988,2,100,40,10,1.0,0.5,0.975
982,977,2,100,40,10,0.0,0.7,0.8
983,978,2,100,40,10,0.25,0.3,0.775
984,981,2,100,40,10,0.5,0.3,1.125
985,987,2,100,40,10,1.0,0.3,1.2
986,980,2,100,40,10,0.25,0.7,0.975
987,989,2,100,40,10,1.0,0.7,0.925
988,991,2,100,40,20,0.0,0.5,0.875
989,985,2,100,40,10,0.75,0.5,0.95
990,992,2,100,40,20,0.0,0.7,0.875
991,986,2,100,40,10,0.75,0.7,1.125
992,994,2,100,40,20,0.25,0.5,0.675
993,996,2,100,40,20,0.5,0.3,1.075
994,990,2,100,40,20,0.0,0.3,0.85
995,997,2,100,40,20,0.5,0.5,1.1
996,993,2,100,40,20,0.25,0.3,0.95
997,995,2,100,40,20,0.25,0.7,1.15
998,998,2,100,40,20,0.5,0.7,0.925
999,1004,2,100,40,20,1.0,0.7,0.875
1000,999,2,100,40,20,0.75,0.3,1.2
1001,1001,2,100,40,20,0.75,0.7,1.05
1002,1000,2,100,40,20,0.75,0.5,1.0
1003,1006,2,100,40,30,0.0,0.5,1.125
1004,1007,2,100,40,30,0.0,0.7,1.4
1005,1002,2,100,40,20,1.0,0.3,0.9
1006,1003,2,100,40,20,1.0,0.5,0.875
1007,1005,2,100,40,30,0.0,0.3,1.2
1008,1009,2,100,40,30,0.25,0.5,0.925
1009,1011,2,100,40,30,0.5,0.3,1.1
1010,1008,2,100,40,30,0.25,0.3,0.95
1011,1012,2,100,40,30,0.5,0.5,1.15
1012,1010,2,100,40,30,0.25,0.7,0.95
1013,1015,2,100,40,30,0.75,0.5,1.075
1014,1019,2,100,40,30,1.0,0.7,0.9
1015,1013,2,100,40,30,0.5,0.7,0.925
1016,1017,2,100,40,30,1.0,0.3,1.0
1017,1020,2,100,40,40,0.0,0.3,1.0
1018,1021,2,100,40,40,0.0,0.5,0.875
1019,1014,2,100,40,30,0.75,0.3,1.05
1020,1024,2,100,40,40,0.25,0.5,1.075
1021,1022,2,100,40,40,0.0,0.7,1.2
1022,1023,2,100,40,40,0.25,0.3,0.875
1023,1016,2,100,40,30,0.75,0.7,0.775
1024,1018,2,100,40,30,1.0,0.5,0.825
1025,1027,2,100,40,40,0.5,0.5,0.975
1026,1025,2,100,40,40,0.25,0.7,1.125
1027,1026,2,100,40,40,0.5,0.3,1.075
1028,1030,2,100,40,40,0.75,0.5,1.0
1029,1033,2,100,40,40,1.0,0.5,1.0
1030,1032,2,100,40,40,1.0,0.3,0.95
1031,1036,2,100,40,50,0.0,0.5,0.975
1032,1028,2,100,40,40,0.5,0.7,1.075
1033,1029,2,100,40,40,0.75,0.3,1.05
1034,1034,2,100,40,40,1.0,0.7,1.075
1035,1035,2,100,40,50,0.0,0.3,1.15
1036,1031,2,100,40,40,0.75,0.7,0.95
1037,1041,2,100,40,50,0.5,0.3,1.0
1038,1037,2,100,40,50,0.0,0.7,1.0
1039,1040,2,100,40,50,0.25,0.7,0.725
1040,1039,2,100,40,50,0.25,0.5,1.025
1041,1043,2,100,40,50,0.5,0.7,1.225
1042,1038,2,100,40,50,0.25,0.3,1.0
1043,1045,2,100,40,50,0.75,0.5,0.75
1044,1044,2,100,40,50,0.75,0.3,1.15
1045,1042,2,100,40,50,0.5,0.5,1.175
1046,1047,2,100,40,50,1.0,0.3,0.875
1047,1048,2,100,40,50,1.0,0.5,0.975
1048,1053,2,100,50,10,0.25,0.3,1.04
1049,1050,2,100,50,10,0.0,0.3,1.0
1050,1046,2,100,40,50,0.75,0.7,0.95
1051,1052,2,100,50,10,0.0,0.7,0.98
1052,1049,2,100,40,50,1.0,0.7,0.925
1053,1055,2,100,50,10,0.25,0.7,1.2
1054,1051,2,100,50,10,0.0,0.5,1.04
1055,1054,2,100,50,10,0.25,0.5,1.2
1056,1056,2,100,50,10,0.5,0.3,1.18
1057,1059,2,100,50,10,0.75,0.3,1.14
1058,1060,2,100,50,10,0.75,0.5,0.96
1059,1061,2,100,50,10,0.75,0.7,0.96
1060,1057,2,100,50,10,0.5,0.5,1.08
1061,1058,2,100,50,10,0.5,0.7,0.98
1062,1064,2,100,50,10,1.0,0.7,0.92
1063,1065,2,100,50,20,0.0,0.3,0.98
1064,1066,2,100,50,20,0.0,0.5,1.12
1065,1067,2,100,50,20,0.0,0.7,1.0
1066,1062,2,100,50,10,1.0,0.3,1.04
1067,1063,2,100,50,10,1.0,0.5,1.06
1068,1069,2,100,50,20,0.25,0.5,0.88
1069,1071,2,100,50,20,0.5,0.3,0.94
1070,1068,2,100,50,20,0.25,0.3,0.94
1071,1073,2,100,50,20,0.5,0.7,0.9
1072,1070,2,100,50,20,0.25,0.7,0.88
1073,1072,2,100,50,20,0.5,0.5,0.88
1074,1074,2,100,50,20,0.75,0.3,0.68
1075,1076,2,100,50,20,0.75,0.7,0.9
1076,1075,2,100,50,20,0.75,0.5,1.18
1077,1077,2,100,50,20,1.0,0.3,1.02
1078,1079,2,100,50,20,1.0,0.7,1.02
1079,1081,2,100,50,30,0.0,0.5,1.12
1080,1078,2,100,50,20,1.0,0.5,1.04
1081,1086,2,100,50,30,0.5,0.3,1.0
1082,1083,2,100,50,30,0.25,0.3,1.04
1083,1080,2,100,50,30,0.0,0.3,0.88
1084,1082,2,100,50,30,0.0,0.7,0.96
1085,1085,2,100,50,30,0.25,0.7,0.86
1086,1091,2,100,50,30,0.75,0.7,1.08
1087,1084,2,100,50,30,0.25,0.5,0.92
1088,1090,2,100,50,30,0.75,0.5,1.1
1089,1088,2,100,50,30,0.5,0.7,1.02
1090,1089,2,100,50,30,0.75,0.3,0.92
1091,1087,2,100,50,30,0.5,0.5,0.9
1092,1094,2,100,50,30,1.0,0.7,1.16
1093,1095,2,100,50,40,0.0,0.3,0.88
1094,1092,2,100,50,30,1.0,0.3,1.04
1095,1093,2,100,50,30,1.0,0.5,1.04
1096,1096,2,100,50,40,0.0,0.5,1.24
1097,1098,2,100,50,40,0.25,0.3,1.3
1098,1099,2,100,50,40,0.25,0.5,1.14
1099,1102,2,100,50,40,0.5,0.5,1.1
1100,1097,2,100,50,40,0.0,0.7,1.06
1101,1104,2,100,50,40,0.75,0.3,1.1
1102,1108,2,100,50,40,1.0,0.5,1.08
1103,1100,2,100,50,40,0.25,0.7,0.88
1104,1109,2,100,50,40,1.0,0.7,0.98
1105,1107,2,100,50,40,1.0,0.3,1.1
1106,1106,2,100,50,40,0.75,0.7,0.94
1107,1103,2,100,50,40,0.5,0.7,1.1
1108,1101,2,100,50,40,0.5,0.3,0.96
1109,1110,2,100,50,50,0.0,0.3,0.88
1110,1105,2,100,50,40,0.75,0.5,1.08
1111,1112,2,100,50,50,0.0,0.7,0.84
1112,1126,3,100,10,10,0.0,0.5,1.2
1113,1125,3,100,10,10,0.0,0.3,1.4
1114,1127,3,100,10,10,0.0,0.7,0.9
1115,1111,2,100,50,50,0.0,0.5,0.92
1116,1129,3,100,10,10,0.25,0.5,0.8
1117,1131,3,100,10,10,0.5,0.3,0.9
1118,1128,3,100,10,10,0.25,0.3,0.9
1119,1130,3,100,10,10,0.25,0.7,0.7
1120,1133,3,100,10,10,0.5,0.7,1.0
1121,1132,3,100,10,10,0.5,0.5,0.6
1122,1118,2,100,50,50,0.5,0.7,1.08
1123,1117,2,100,50,50,0.5,0.5,0.9
1124,1114,2,100,50,50,0.25,0.5,0.98
1125,1115,2,100,50,50,0.25,0.7,0.98
1126,1134,3,100,10,10,0.75,0.3,1.1
1127,1113,2,100,50,50,0.25,0.3,0.88
1128,1135,3,100,10,10,0.75,0.5,1.2
1129,1120,2,100,50,50,0.75,0.5,1.08
1130,1136,3,100,10,10,0.75,0.7,0.8
1131,1138,3,100,10,10,1.0,0.5,1.4
1132,1137,3,100,10,10,1.0,0.3,0.6
1133,1140,3,100,10,20,0.0,0.3,0.3
1134,1123,2,100,50,50,1.0,0.5,1.12
1135,1116,2,100,50,50,0.5,0.3,1.06
1136,1139,3,100,10,10,1.0,0.7,0.7
1137,1145,3,100,10,20,0.25,0.7,1.2
1138,1121,2,100,50,50,0.75,0.7,1.16
1139,1146,3,100,10,20,0.5,0.3,0.7
1140,1147,3,100,10,20,0.5,0.5,1.1
1141,1143,3,100,10,20,0.25,0.3,1.3
1142,1141,3,100,10,20,0.0,0.5,1.2
1143,1149,3,100,10,20,0.75,0.3,1.4
1144,1150,3,100,10,20,0.75,0.5,0.8
1145,1142,3,100,10,20,0.0,0.7,0.7
1146,1148,3,100,10,20,0.5,0.7,1.0
1147,1124,2,100,50,50,1.0,0.7,1.04
1148,1144,3,100,10,20,0.25,0.5,1.2
1149,1119,2,100,50,50,0.75,0.3,1.08
1150,1151,3,100,10,20,0.75,0.7,1.4
1151,1153,3,100,10,20,1.0,0.5,0.9
1152,1155,3,100,10,30,0.0,0.3,1.1
1153,1152,3,100,10,20,1.0,0.3,1.3
1154,1156,3,100,10,30,0.0,0.5,1.0
1155,1159,3,100,10,30,0.25,0.5,0.6
1156,1154,3,100,10,20,1.0,0.7,1.3
1157,1158,3,100,10,30,0.25,0.3,0.8
1158,1163,3,100,10,30,0.5,0.7,1.0
1159,1157,3,100,10,30,0.0,0.7,1.5
1160,1162,3,100,10,30,0.5,0.5,1.1
1161,1166,3,100,10,30,0.75,0.7,1.4
1162,1160,3,100,10,30,0.25,0.7,0.9
1163,1167,3,100,10,30,1.0,0.3,1.4
1164,1164,3,100,10,30,0.75,0.3,0.7
1165,1165,3,100,10,30,0.75,0.5,1.1
1166,1168,3,100,10,30,1.0,0.5,1.2
1167,1161,3,100,10,30,0.5,0.3,1.0
1168,1171,3,100,10,40,0.0,0.5,1.0
1169,1173,3,100,10,40,0.25,0.3,1.0
1170,1169,3,100,10,30,1.0,0.7,1.1
1171,1170,3,100,10,40,0.0,0.3,0.7
1172,1179,3,100,10,40,0.75,0.3,0.9
1173,1172,3,100,10,40,0.0,0.7,0.8
1174,1178,3,100,10,40,0.5,0.7,1.1
1175,1175,3,100,10,40,0.25,0.7,0.7
1176,1182,3,100,10,40,1.0,0.3,0.4
1177,1184,3,100,10,40,1.0,0.7,0.7
1178,1177,3,100,10,40,0.5,0.5,0.7
1179,1185,3,100,10,50,0.0,0.3,1.1
1180,1181,3,100,10,40,0.75,0.7,1.1
1181,1180,3,100,10,40,0.75,0.5,1.6
1182,1176,3,100,10,40,0.5,0.3,1.1
1183,1187,3,100,10,50,0.0,0.7,1.0
1184,1174,3,100,10,40,0.25,0.5,1.2
1185,1122,2,100,50,50,1.0,0.3,0.84
1186,1186,3,100,10,50,0.0,0.5,0.6
1187,1188,3,100,10,50,0.25,0.3,1.2
1188,1190,3,100,10,50,0.25,0.7,0.9
1189,1183,3,100,10,40,1.0,0.5,1.0
1190,1189,3,100,10,50,0.25,0.5,0.8
1191,1192,3,100,10,50,0.5,0.5,1.6
1192,1195,3,100,10,50,0.75,0.5,1.2
1193,1199,3,100,10,50,1.0,0.7,0.8
1194,1193,3,100,10,50,0.5,0.7,0.9
1195,1191,3,100,10,50,0.5,0.3,1.3
1196,1194,3,100,10,50,0.75,0.3,0.8
1197,1196,3,100,10,50,0.75,0.7,1.0
1198,1198,3,100,10,50,1.0,0.5,1.3
1199,1197,3,100,10,50,1.0,0.3,1.2
1200,1203,3,100,20,10,0.25,0.3,0.95
1201,1204,3,100,20,10,0.25,0.5,0.85
1202,1206,3,100,20,10,0.5,0.3,1.05
1203,1209,3,100,20,10,0.75,0.3,1.05
1204,1201,3,100,20,10,0.0,0.5,1.15
1205,1200,3,100,20,10,0.0,0.3,1.35
1206,1208,3,100,20,10,0.5,0.7,1.25
1207,1207,3,100,20,10,0.5,0.5,1.2
1208,1202,3,100,20,10,0.0,0.7,1.15
1209,1212,3,100,20,10,1.0,0.3,1.0
1210,1211,3,100,20,10,0.75,0.7,0.95
1211,1213,3,100,20,10,1.0,0.5,1.0
1212,1205,3,100,20,10,0.25,0.7,1.05
1213,1216,3,100,20,20,0.0,0.5,1.05
1214,1210,3,100,20,10,0.75,0.5,1.1
1215,1214,3,100,20,10,1.0,0.7,0.85
1216,1218,3,100,20,20,0.25,0.3,1.55
1217,1215,3,100,20,20,0.0,0.3,0.9
1218,1219,3,100,20,20,0.25,0.5,1.25
1219,1217,3,100,20,20,0.0,0.7,1.05
1220,1222,3,100,20,20,0.5,0.5,0.95
1221,1220,3,100,20,20,0.25,0.7,1.35
1222,1224,3,100,20,20,0.75,0.3,1.0
1223,1221,3,100,20,20,0.5,0.3,0.85
1224,1226,3,100,20,20,0.75,0.7,0.9
1225,1229,3,100,20,20,1.0,0.7,0.8
1226,1223,3,100,20,20,0.5,0.7,1.05
1227,1232,3,100,20,30,0.0,0.7,0.9
1228,1225,3,100,20,20,0.75,0.5,1.0
1229,1230,3,100,20,30,0.0,0.3,0.7
1230,1234,3,100,20,30,0.25,0.5,0.85
1231,1227,3,100,20,20,1.0,0.3,1.0
1232,1233,3,100,20,30,0.25,0.3,0.8
1233,1236,3,100,20,30,0.5,0.3,0.95
1234,1228,3,100,20,20,1.0,0.5,1.0
1235,1235,3,100,20,30,0.25,0.7,1.15
1236,1231,3,100,20,30,0.0,0.5,0.9
1237,1239,3,100,20,30,0.75,0.3,1.25
1238,1237,3,100,20,30,0.5,0.5,1.05
1239,1238,3,100,20,30,0.5,0.7,0.85
1240,1241,3,100,20,30,0.75,0.7,0.95
1241,1242,3,100,20,30,1.0,0.3,1.1
1242,1240,3,100,20,30,0.75,0.5,1.05
1243,1246,3,100,20,40,0.0,0.5,1.05
1244,1248,3,100,20,40,0.25,0.3,1.2
1245,1249,3,100,20,40,0.25,0.5,0.95
1246,1243,3,100,20,30,1.0,0.5,1.3
1247,1244,3,100,20,30,1.0,0.7,1.4
1248,1250,3,100,20,40,0.25,0.7,1.1
1249,1251,3,100,20,40,0.5,0.3,0.95
1250,1245,3,100,20,40,0.0,0.3,0.8
1251,1247,3,100,20,40,0.0,0.7,0.65
1252,1254,3,100,20,40,0.75,0.3,0.9
1253,1255,3,100,20,40,0.75,0.5,1.15
1254,1256,3,100,20,40,0.75,0.7,0.6
1255,1257,3,100,20,40,1.0,0.3,1.25
1256,1253,3,100,20,40,0.5,0.7,1.1
1257,1252,3,100,20,40,0.5,0.5,1.15
1258,1259,3,100,20,40,1.0,0.7,1.1
1259,1260,3,100,20,50,0.0,0.3,0.9
1260,1258,3,100,20,40,1.0,0.5,1.05
1261,1261,3,100,20,50,0.0,0.5,0.95
1262,1263,3,100,20,50,0.25,0.3,0.6
1263,1264,3,100,20,50,0.25,0.5,0.9
1264,1265,3,100,20,50,0.25,0.7,1.4
1265,1262,3,100,20,50,0.0,0.7,1.05
1266,1269,3,100,20,50,0.75,0.3,0.9
1267,1268,3,100,20,50,0.5,0.7,0.9
1268,1270,3,100,20,50,0.75,0.5,1.15
1269,1271,3,100,20,50,0.75,0.7,1.25
1270,1267,3,100,20,50,0.5,0.5,0.7
1271,1266,3,100,20,50,0.5,0.3,0.55
1272,1274,3,100,20,50,1.0,0.7,1.15
1273,1273,3,100,20,50,1.0,0.5,1.45
1274,1272,3,100,20,50,1.0,0.3,1.05
1275,1275,3,100,30,10,0.0,0.3,0.9333333333333333
1276,1277,3,100,30,10,0.0,0.7,0.8333333333333334
1277,1282,3,100,30,10,0.5,0.5,1.0333333333333334
1278,1281,3,100,30,10,0.5,0.3,1.1333333333333333
1279,1276,3,100,30,10,0.0,0.5,1.2
1280,1285,3,100,30,10,0.75,0.5,1.1666666666666667
1281,1286,3,100,30,10,0.75,0.7,0.9666666666666667
1282,1279,3,100,30,10,0.25,0.5,0.9333333333333333
1283,1278,3,100,30,10,0.25,0.3,0.8666666666666667
1284,1280,3,100,30,10,0.25,0.7,1.1666666666666667
1285,1287,3,100,30,10,1.0,0.3,1.0
1286,1284,3,100,30,10,0.75,0.3,1.0666666666666667
1287,1283,3,100,30,10,0.5,0.7,0.8333333333333334
1288,1289,3,100,30,10,1.0,0.7,1.0
1289,1288,3,100,30,10,1.0,0.5,0.6333333333333333
1290,1292,3,100,30,20,0.0,0.7,1.0666666666666667
1291,1294,3,100,30,20,0.25,0.5,0.9666666666666667
1292,1295,3,100,30,20,0.25,0.7,0.8
1293,1296,3,100,30,20,0.5,0.3,1.2333333333333334
1294,1297,3,100,30,20,0.5,0.5,1.1
1295,1290,3,100,30,20,0.0,0.3,1.0
1296,1291,3,100,30,20,0.0,0.5,1.0
1297,1301,3,100,30,20,0.75,0.7,1.0
1298,1299,3,100,30,20,0.75,0.3,1.2333333333333334
1299,1293,3,100,30,20,0.25,0.3,1.1666666666666667
1300,1298,3,100,30,20,0.5,0.7,1.0666666666666667
1301,1300,3,100,30,20,0.75,0.5,0.9
1302,1304,3,100,30,20,1.0,0.7,0.8333333333333334
1303,1302,3,100,30,20,1.0,0.3,0.8333333333333334
1304,1306,3,100,30,30,0.0,0.5,1.1666666666666667
1305,1307,3,100,30,30,0.0,0.7,0.8666666666666667
1306,1309,3,100,30,30,0.25,0.5,1.0
1307,1303,3,100,30,20,1.0,0.5,0.9666666666666667
1308,1310,3,100,30,30,0.25,0.7,0.9333333333333333
1309,1308,3,100,30,30,0.25,0.3,1.2666666666666666
1310,1305,3,100,30,30,0.0,0.3,1.1
1311,1311,3,100,30,30,0.5,0.3,1.0666666666666667
1312,1313,3,100,30,30,0.5,0.7,1.0666666666666667
1313,1312,3,100,30,30,0.5,0.5,0.9666666666666667
1314,1314,3,100,30,30,0.75,0.3,1.1333333333333333
1315,1316,3,100,30,30,0.75,0.7,0.8
1316,1315,3,100,30,30,0.75,0.5,1.0666666666666667
1317,1317,3,100,30,30,1.0,0.3,1.0333333333333334
1318,1321,3,100,30,40,0.0,0.5,1.1333333333333333
1319,1320,3,100,30,40,0.0,0.3,1.0
1320,1318,3,100,30,30,1.0,0.5,0.9666666666666667
1321,1322,3,100,30,40,0.0,0.7,0.6333333333333333
1322,1324,3,100,30,40,0.25,0.5,1.0
1323,1319,3,100,30,30,1.0,0.7,1.1
1324,1328,3,100,30,40,0.5,0.7,0.9666666666666667
1325,1326,3,100,30,40,0.5,0.3,1.0333333333333334
1326,1323,3,100,30,40,0.25,0.3,0.7666666666666667
1327,1332,3,100,30,40,1.0,0.3,1.1
1328,1325,3,100,30,40,0.25,0.7,1.1666666666666667
1329,1327,3,100,30,40,0.5,0.5,1.0666666666666667
1330,1331,3,100,30,40,0.75,0.7,1.1
1331,1330,3,100,30,40,0.75,0.5,0.9
1332,1334,3,100,30,40,1.0,0.7,1.0333333333333334
1333,1333,3,100,30,40,1.0,0.5,1.0
1334,1335,3,100,30,50,0.0,0.3,1.1
1335,1329,3,100,30,40,0.75,0.3,0.9
1336,1336,3,100,30,50,0.0,0.5,1.2
1337,1337,3,100,30,50,0.0,0.7,1.2333333333333334
1338,1339,3,100,30,50,0.25,0.5,1.2333333333333334
1339,1340,3,100,30,50,0.25,0.7,0.8333333333333334
1340,1338,3,100,30,50,0.25,0.3,1.1
1341,1346,3,100,30,50,0.75,0.7,1.1
1342,1347,3,100,30,50,1.0,0.3,1.1666666666666667
1343,1341,3,100,30,50,0.5,0.3,0.9
1344,1343,3,100,30,50,0.5,0.7,1.0333333333333334
1345,1348,3,100,30,50,1.0,0.5,1.0
1346,1344,3,100,30,50,0.75,0.3,1.0
1347,1342,3,100,30,50,0.5,0.5,1.1
1348,1349,3,100,30,50,1.0,0.7,0.6333333333333333
1349,1345,3,100,30,50,0.75,0.5,1.0
1350,1350,3,100,40,10,0.0,0.3,1.05
1351,1353,3,100,40,10,0.25,0.3,0.975
1352,1352,3,100,40,10,0.0,0.7,0.9
1353,1354,3,100,40,10,0.25,0.5,0.75
1354,1351,3,100,40,10,0.0,0.5,1.1
1355,1355,3,100,40,10,0.25,0.7,1.025
1356,1356,3,100,40,10,0.5,0.3,1.025
1357,1357,3,100,40,10,0.5,0.5,1.025
1358,1360,3,100,40,10,0.75,0.5,0.975
1359,1363,3,100,40,10,1.0,0.5,0.8
1360,1366,3,100,40,20,0.0,0.5,0.75
1361,1364,3,100,40,10,1.0,0.7,1.1
1362,1361,3,100,40,10,0.75,0.7,0.95
1363,1359,3,100,40,10,0.75,0.3,0.875
1364,1367,3,100,40,20,0.0,0.7,0.9
1365,1362,3,100,40,10,1.0,0.3,1.05
1366,1365,3,100,40,20,0.0,0.3,0.975
1367,1358,3,100,40,10,0.5,0.7,0.975
1368,1369,3,100,40,20,0.25,0.5,1.025
1369,1372,3,100,40,20,0.5,0.5,1.125
1370,1370,3,100,40,20,0.25,0.7,0.95
1371,1368,3,100,40,20,0.25,0.3,1.075
1372,1375,3,100,40,20,0.75,0.5,1.025
1373,1371,3,100,40,20,0.5,0.3,0.925
1374,1380,3,100,40,30,0.0,0.3,1.15
1375,1373,3,100,40,20,0.5,0.7,1.075
1376,1384,3,100,40,30,0.25,0.5,1.125
1377,1382,3,100,40,30,0.0,0.7,0.975
1378,1379,3,100,40,20,1.0,0.7,0.875
1379,1376,3,100,40,20,0.75,0.7,0.875
1380,1374,3,100,40,20,0.75,0.3,0.875
1381,1377,3,100,40,20,1.0,0.3,1.1
1382,1381,3,100,40,30,0.0,0.5,1.05
1383,1386,3,100,40,30,0.5,0.3,0.925
1384,1378,3,100,40,20,1.0,0.5,0.8
1385,1383,3,100,40,30,0.25,0.3,0.85
1386,1387,3,100,40,30,0.5,0.5,0.975
1387,1385,3,100,40,30,0.25,0.7,1.1
1388,1388,3,100,40,30,0.5,0.7,1.0
1389,1390,3,100,40,30,0.75,0.5,1.125
1390,1389,3,100,40,30,0.75,0.3,1.0
1391,1392,3,100,40,30,1.0,0.3,1.075
1392,1391,3,100,40,30,0.75,0.7,0.825
1393,1393,3,100,40,30,1.0,0.5,1.0
1394,1399,3,100,40,40,0.25,0.5,0.95
1395,1403,3,100,40,40,0.5,0.7,1.0
1396,1396,3,100,40,40,0.0,0.5,1.1
1397,1394,3,100,40,30,1.0,0.7,1.025
1398,1397,3,100,40,40,0.0,0.7,0.85
1399,1404,3,100,40,40,0.75,0.3,1.025
1400,1402,3,100,40,40,0.5,0.5,0.875
1401,1401,3,100,40,40,0.5,0.3,1.05
1402,1395,3,100,40,40,0.0,0.3,0.9
1403,1398,3,100,40,40,0.25,0.3,1.125
1404,1400,3,100,40,40,0.25,0.7,1.05
1405,1405,3,100,40,40,0.75,0.5,1.1
1406,1407,3,100,40,40,1.0,0.3,0.9
1407,1406,3,100,40,40,0.75,0.7,0.925
1408,1408,3,100,40,40,1.0,0.5,0.975
1409,1409,3,100,40,40,1.0,0.7,1.0
1410,1411,3,100,40,50,0.0,0.5,1.15
1411,1413,3,100,40,50,0.25,0.3,0.95
1412,1415,3,100,40,50,0.25,0.7,1.025
1413,1410,3,100,40,50,0.0,0.3,1.1
1414,1412,3,100,40,50,0.0,0.7,1.125
1415,1417,3,100,40,50,0.5,0.5,0.9
1416,1416,3,100,40,50,0.5,0.3,0.775
1417,1418,3,100,40,50,0.5,0.7,0.975
1418,1419,3,100,40,50,0.75,0.3,1.0
1419,1414,3,100,40,50,0.25,0.5,1.05
1420,1421,3,100,40,50,0.75,0.7,0.925
1421,1420,3,100,40,50,0.75,0.5,1.0
1422,1423,3,100,40,50,1.0,0.5,0.975
1423,1422,3,100,40,50,1.0,0.3,1.125
1424,1424,3,100,40,50,1.0,0.7,1.125
1425,1426,3,100,50,10,0.0,0.5,1.08
1426,1425,3,100,50,10,0.0,0.3,0.88
1427,1427,3,100,50,10,0.0,0.7,1.24
1428,1428,3,100,50,10,0.25,0.3,0.86
1429,1432,3,100,50,10,0.5,0.5,1.1
1430,1430,3,100,50,10,0.25,0.7,1.06
1431,1429,3,100,50,10,0.25,0.5,1.04
1432,1434,3,100,50,10,0.75,0.3,0.96
1433,1436,3,100,50,10,0.75,0.7,1.08
1434,1431,3,100,50,10,0.5,0.3,1.24
1435,1435,3,100,50,10,0.75,0.5,0.96
1436,1438,3,100,50,10,1.0,0.5,0.92
1437,1433,3,100,50,10,0.5,0.7,1.12
1438,1441,3,100,50,20,0.0,0.5,1.06
1439,1437,3,100,50,10,1.0,0.3,0.76
1440,1443,3,100,50,20,0.25,0.3,0.78
1441,1444,3,100,50,20,0.25,0.5,0.98
1442,1440,3,100,50,20,0.0,0.3,0.88
1443,1442,3,100,50,20,0.0,0.7,1.0
1444,1439,3,100,50,10,1.0,0.7,0.82
1445,1445,3,100,50,20,0.25,0.7,0.98
1446,1446,3,100,50,20,0.5,0.3,1.18
1447,1450,3,100,50,20,0.75,0.5,1.04
1448,1449,3,100,50,20,0.75,0.3,1.06
1449,1447,3,100,50,20,0.5,0.5,0.94
1450,1448,3,100,50,20,0.5,0.7,0.92
1451,1453,3,100,50,20,1.0,0.5,1.16
1452,1455,3,100,50,30,0.0,0.3,1.1
1453,1451,3,100,50,20,0.75,0.7,0.98
1454,1452,3,100,50,20,1.0,0.3,0.98
1455,1456,3,100,50,30,0.0,0.5,1.02
1456,1457,3,100,50,30,0.0,0.7,0.98
1457,1454,3,100,50,20,1.0,0.7,0.9
1458,1458,3,100,50,30,0.25,0.3,0.96
1459,1460,3,100,50,30,0.25,0.7,0.9
1460,1459,3,100,50,30,0.25,0.5,1.18
1461,1461,3,100,50,30,0.5,0.3,1.1
1462,1463,3,100,50,30,0.5,0.7,0.96
1463,1462,3,100,50,30,0.5,0.5,1.12
1464,1464,3,100,50,30,0.75,0.3,0.94
1465,1465,3,100,50,30,0.75,0.5,1.02
1466,1466,3,100,50,30,0.75,0.7,0.92
1467,1471,3,100,50,40,0.0,0.5,1.26
1468,1472,3,100,50,40,0.0,0.7,1.02
1469,1467,3,100,50,30,1.0,0.3,0.84
1470,1468,3,100,50,30,1.0,0.5,0.9
1471,1469,3,100,50,30,1.0,0.7,0.94
1472,1470,3,100,50,40,0.0,0.3,0.92
1473,1475,3,100,50,40,0.25,0.7,0.78
1474,1476,3,100,50,40,0.5,0.3,1.02
1475,1473,3,100,50,40,0.25,0.3,1.04
1476,1478,3,100,50,40,0.5,0.7,1.06
1477,1474,3,100,50,40,0.25,0.5,0.96
1478,1477,3,100,50,40,0.5,0.5,1.0
1479,1483,3,100,50,40,1.0,0.5,1.02
1480,1479,3,100,50,40,0.75,0.3,0.98
1481,1481,3,100,50,40,0.75,0.7,0.82
1482,1484,3,100,50,40,1.0,0.7,1.02
1483,1482,3,100,50,40,1.0,0.3,0.92
1484,1487,3,100,50,50,0.0,0.7,1.22
1485,1490,3,100,50,50,0.25,0.7,1.06
1486,1480,3,100,50,40,0.75,0.5,1.08
1487,1485,3,100,50,50,0.0,0.3,1.12
1488,1486,3,100,50,50,0.0,0.5,1.22
1489,1489,3,100,50,50,0.25,0.5,1.0
1490,1501,4,100,10,10,0.0,0.5,1.1
1491,1500,4,100,10,10,0.0,0.3,0.9
1492,1502,4,100,10,10,0.0,0.7,0.8
1493,1492,3,100,50,50,0.5,0.5,1.0
1494,1488,3,100,50,50,0.25,0.3,0.84
1495,1506,4,100,10,10,0.5,0.3,1.1
1496,1503,4,100,10,10,0.25,0.3,1.3
1497,1504,4,100,10,10,0.25,0.5,0.6
1498,1505,4,100,10,10,0.25,0.7,1.1
1499,1491,3,100,50,50,0.5,0.3,1.0
1500,1495,3,100,50,50,0.75,0.5,0.88
1501,1507,4,100,10,10,0.5,0.5,1.4
1502,1508,4,100,10,10,0.5,0.7,1.0
1503,1511,4,100,10,10,0.75,0.7,1.0
1504,1510,4,100,10,10,0.75,0.5,0.8
1505,1512,4,100,10,10,1.0,0.3,0.9
1506,1509,4,100,10,10,0.75,0.3,1.2
1507,1493,3,100,50,50,0.5,0.7,0.92
1508,1513,4,100,10,10,1.0,0.5,1.1
1509,1498,3,100,50,50,1.0,0.5,1.16
1510,1516,4,100,10,20,0.0,0.5,1.1
1511,1514,4,100,10,10,1.0,0.7,0.5
1512,1519,4,100,10,20,0.25,0.5,1.1
1513,1515,4,100,10,20,0.0,0.3,1.0
1514,1520,4,100,10,20,0.25,0.7,1.2
1515,1497,3,100,50,50,1.0,0.3,0.98
1516,1494,3,100,50,50,0.75,0.3,0.96
1517,1518,4,100,10,20,0.25,0.3,0.6
1518,1517,4,100,10,20,0.0,0.7,1.2
1519,1521,4,100,10,20,0.5,0.3,0.6
1520,1522,4,100,10,20,0.5,0.5,1.1
1521,1525,4,100,10,20,0.75,0.5,1.3
1522,1526,4,100,10,20,0.75,0.7,1.6
1523,1523,4,100,10,20,0.5,0.7,1.0
1524,1496,3,100,50,50,0.75,0.7,1.12
1525,1528,4,100,10,20,1.0,0.5,0.9
1526,1524,4,100,10,20,0.75,0.3,0.7
1527,1499,3,100,50,50,1.0,0.7,0.94
1528,1530,4,100,10,30,0.0,0.3,0.7
1529,1531,4,100,10,30,0.0,0.5,1.3
1530,1527,4,100,10,20,1.0,0.3,1.0
1531,1529,4,100,10,20,1.0,0.7,0.3
1532,1533,4,100,10,30,0.25,0.3,1.1
1533,1534,4,100,10,30,0.25,0.5,1.0
1534,1537,4,100,10,30,0.5,0.5,1.3
1535,1538,4,100,10,30,0.5,0.7,1.1
1536,1541,4,100,10,30,0.75,0.7,1.4
1537,1532,4,100,10,30,0.0,0.7,1.3
1538,1535,4,100,10,30,0.25,0.7,1.2
1539,1539,4,100,10,30,0.75,0.3,0.8
1540,1536,4,100,10,30,0.5,0.3,1.2
1541,1542,4,100,10,30,1.0,0.3,0.8
1542,1545,4,100,10,40,0.0,0.3,0.9
1543,1540,4,100,10,30,0.75,0.5,1.3
1544,1546,4,100,10,40,0.0,0.5,0.8
1545,1543,4,100,10,30,1.0,0.5,0.9
1546,1544,4,100,10,30,1.0,0.7,1.2
1547,1547,4,100,10,40,0.0,0.7,1.1
1548,1552,4,100,10,40,0.5,0.5,0.9
1549,1551,4,100,10,40,0.5,0.3,1.1
1550,1550,4,100,10,40,0.25,0.7,0.6
1551,1548,4,100,10,40,0.25,0.3,1.3
1552,1553,4,100,10,40,0.5,0.7,0.6
1553,1549,4,100,10,40,0.25,0.5,1.0
1554,1558,4,100,10,40,1.0,0.5,1.3
1555,1560,4,100,10,50,0.0,0.3,0.8
1556,1556,4,100,10,40,0.75,0.7,1.4
1557,1564,4,100,10,50,0.25,0.5,0.5
1558,1557,4,100,10,40,1.0,0.3,1.1
1559,1565,4,100,10,50,0.25,0.7,1.0
1560,1566,4,100,10,50,0.5,0.3,0.9
1561,1561,4,100,10,50,0.0,0.5,0.9
1562,1562,4,100,10,50,0.0,0.7,1.0
1563,1554,4,100,10,40,0.75,0.3,0.8
1564,1567,4,100,10,50,0.5,0.5,0.7
1565,1563,4,100,10,50,0.25,0.3,1.2
1566,1555,4,100,10,40,0.75,0.5,1.2
1567,1559,4,100,10,40,1.0,0.7,1.5
1568,1568,4,100,10,50,0.5,0.7,0.7
1569,1569,4,100,10,50,0.75,0.3,0.9
1570,1573,4,100,10,50,1.0,0.5,1.4
1571,1571,4,100,10,50,0.75,0.7,0.7
1572,1570,4,100,10,50,0.75,0.5,0.4
1573,1574,4,100,10,50,1.0,0.7,0.9
1574,1575,4,100,20,10,0.0,0.3,0.7
1575,1572,4,100,10,50,1.0,0.3,1.2
1576,1576,4,100,20,10,0.0,0.5,0.85
1577,1577,4,100,20,10,0.0,0.7,1.2
1578,1581,4,100,20,10,0.5,0.3,1.2
1579,1586,4,100,20,10,0.75,0.7,1.05
1580,1588,4,100,20,10,1.0,0.5,1.15
1581,1578,4,100,20,10,0.25,0.3,1.35
1582,1583,4,100,20,10,0.5,0.7,0.95
1583,1579,4,100,20,10,0.25,0.5,1.0
1584,1580,4,100,20,10,0.25,0.7,1.5
1585,1587,4,100,20,10,1.0,0.3,1.0
1586,1582,4,100,20,10,0.5,0.5,1.0
1587,1590,4,100,20,20,0.0,0.3,0.7
1588,1591,4,100,20,20,0.0,0.5,0.95
1589,1585,4,100,20,10,0.75,0.5,0.9
1590,1584,4,100,20,10,0.75,0.3,0.9
1591,1589,4,100,20,10,1.0,0.7,1.25
1592,1592,4,100,20,20,0.0,0.7,1.05
1593,1594,4,100,20,20,0.25,0.5,1.0
1594,1596,4,100,20,20,0.5,0.3,1.1
1595,1595,4,100,20,20,0.25,0.7,1.0
1596,1598,4,100,20,20,0.5,0.7,0.8
1597,1602,4,100,20,20,1.0,0.3,0.95
1598,1593,4,100,20,20,0.25,0.3,1.3
1599,1599,4,100,20,20,0.75,0.3,0.95
1600,1597,4,100,20,20,0.5,0.5,1.0
1601,1607,4,100,20,30,0.0,0.7,1.05
1602,1600,4,100,20,20,0.75,0.5,0.9
1603,1604,4,100,20,20,1.0,0.7,1.2
1604,1601,4,100,20,20,0.75,0.7,1.2
1605,1603,4,100,20,20,1.0,0.5,0.85
1606,1605,4,100,20,30,0.0,0.3,1.15
1607,1606,4,100,20,30,0.0,0.5,0.95
1608,1611,4,100,20,30,0.5,0.3,0.85
1609,1610,4,100,20,30,0.25,0.7,1.0
1610,1608,4,100,20,30,0.25,0.3,0.6
1611,1615,4,100,20,30,0.75,0.5,1.15
1612,1612,4,100,20,30,0.5,0.5,0.95
1613,1614,4,100,20,30,0.75,0.3,0.9
1614,1609,4,100,20,30,0.25,0.5,0.9
1615,1617,4,100,20,30,1.0,0.3,0.85
1616,1613,4,100,20,30,0.5,0.7,1.1
1617,1619,4,100,20,30,1.0,0.7,1.25
1618,1625,4,100,20,40,0.25,0.7,1.0
1619,1616,4,100,20,30,0.75,0.7,0.9
1620,1620,4,100,20,40,0.0,0.3,1.4
1621,1618,4,100,20,30,1.0,0.5,0.6
1622,1621,4,100,20,40,0.0,0.5,0.65
1623,1622,4,100,20,40,0.0,0.7,0.9
1624,1624,4,100,20,40,0.25,0.5,1.0
1625,1627,4,100,20,40,0.5,0.5,0.8
1626,1629,4,100,20,40,0.75,0.3,0.85
1627,1626,4,100,20,40,0.5,0.3,1.15
1628,1623,4,100,20,40,0.25,0.3,1.2
1629,1628,4,100,20,40,0.5,0.7,1.05
1630,1630,4,100,20,40,0.75,0.5,0.9
1631,1631,4,100,20,40,0.75,0.7,1.3
1632,1632,4,100,20,40,1.0,0.3,1.2
1633,1633,4,100,20,40,1.0,0.5,1.0
1634,1634,4,100,20,40,1.0,0.7,1.05
1635,1637,4,100,20,50,0.0,0.7,0.85
1636,1635,4,100,20,50,0.0,0.3,1.25
1637,1638,4,100,20,50,0.25,0.3,1.3
1638,1639,4,100,20,50,0.25,0.5,1.15
1639,1641,4,100,20,50,0.5,0.3,1.05
1640,1645,4,100,20,50,0.75,0.5,1.25
1641,1640,4,100,20,50,0.25,0.7,1.3
1642,1647,4,100,20,50,1.0,0.3,0.85
1643,1636,4,100,20,50,0.0,0.5,1.2
1644,1642,4,100,20,50,0.5,0.5,1.05
1645,1649,4,100,20,50,1.0,0.7,1.1
1646,1646,4,100,20,50,0.75,0.7,0.55
1647,1648,4,100,20,50,1.0,0.5,1.0
1648,1644,4,100,20,50,0.75,0.3,1.1
1649,1650,4,100,30,10,0.0,0.3,1.1666666666666667
1650,1651,4,100,30,10,0.0,0.5,1.2333333333333334
1651,1643,4,100,20,50,0.5,0.7,1.15
1652,1654,4,100,30,10,0.25,0.5,1.0
1653,1655,4,100,30,10,0.25,0.7,1.1
1654,1652,4,100,30,10,0.0,0.7,1.1666666666666667
1655,1657,4,100,30,10,0.5,0.5,1.3333333333333333
1656,1653,4,100,30,10,0.25,0.3,1.0333333333333334
1657,1656,4,100,30,10,0.5,0.3,0.9
1658,1658,4,100,30,10,0.5,0.7,1.2
1659,1663,4,100,30,10,1.0,0.5,0.8666666666666667
1660,1665,4,100,30,20,0.0,0.3,1.1
1661,1662,4,100,30,10,1.0,0.3,0.9666666666666667
1662,1664,4,100,30,10,1.0,0.7,1.2333333333333334
1663,1666,4,100,30,20,0.0,0.5,0.9
1664,1660,4,100,30,10,0.75,0.5,0.8666666666666667
1665,1659,4,100,30,10,0.75,0.3,1.1
1666,1661,4,100,30,10,0.75,0.7,1.0
1667,1667,4,100,30,20,0.0,0.7,1.3
1668,1669,4,100,30,20,0.25,0.5,0.7333333333333333
1669,1672,4,100,30,20,0.5,0.5,1.0666666666666667
1670,1671,4,100,30,20,0.5,0.3,1.1666666666666667
1671,1668,4,100,30,20,0.25,0.3,0.8333333333333334
1672,1670,4,100,30,20,0.25,0.7,1.1
1673,1676,4,100,30,20,0.75,0.7,0.9333333333333333
1674,1679,4,100,30,20,1.0,0.7,0.9666666666666667
1675,1674,4,100,30,20,0.75,0.3,0.9666666666666667
1676,1680,4,100,30,30,0.0,0.3,0.9666666666666667
1677,1677,4,100,30,20,1.0,0.3,0.9666666666666667
1678,1675,4,100,30,20,0.75,0.5,0.8333333333333334
1679,1678,4,100,30,20,1.0,0.5,1.0666666666666667
1680,1682,4,100,30,30,0.0,0.7,0.9666666666666667
1681,1673,4,100,30,20,0.5,0.7,0.9666666666666667
1682,1685,4,100,30,30,0.25,0.7,1.0333333333333334
1683,1681,4,100,30,30,0.0,0.5,1.0
1684,1683,4,100,30,30,0.25,0.3,0.9666666666666667
1685,1689,4,100,30,30,0.75,0.3,0.8333333333333334
1686,1684,4,100,30,30,0.25,0.5,0.9666666666666667
1687,1690,4,100,30,30,0.75,0.5,1.1333333333333333
1688,1687,4,100,30,30,0.5,0.5,1.1333333333333333
1689,1686,4,100,30,30,0.5,0.3,0.8333333333333334
1690,1694,4,100,30,30,1.0,0.7,0.8666666666666667
1691,1692,4,100,30,30,1.0,0.3,1.0333333333333334
1692,1693,4,100,30,30,1.0,0.5,1.0666666666666667
1693,1691,4,100,30,30,0.75,0.7,1.2
1694,1695,4,100,30,40,0.0,0.3,0.8666666666666667
1695,1696,4,100,30,40,0.0,0.5,0.8
1696,1698,4,100,30,40,0.25,0.3,0.9666666666666667
1697,1699,4,100,30,40,0.25,0.5,0.8
1698,1688,4,100,30,30,0.5,0.7,0.9
1699,1697,4,100,30,40,0.0,0.7,0.9333333333333333
1700,1701,4,100,30,40,0.5,0.3,0.7333333333333333
1701,1703,4,100,30,40,0.5,0.7,1.1
1702,1706,4,100,30,40,0.75,0.7,0.9
1703,1708,4,100,30,40,1.0,0.5,1.0333333333333334
1704,1702,4,100,30,40,0.5,0.5,0.9333333333333333
1705,1705,4,100,30,40,0.75,0.5,0.9
1706,1707,4,100,30,40,1.0,0.3,1.1333333333333333
1707,1704,4,100,30,40,0.75,0.3,0.9
1708,1700,4,100,30,40,0.25,0.7,1.2666666666666666
1709,1712,4,100,30,50,0.0,0.7,0.9333333333333333
1710,1711,4,100,30,50,0.0,0.5,0.9666666666666667
1711,1709,4,100,30,40,1.0,0.7,0.9666666666666667
1712,1717,4,100,30,50,0.5,0.5,1.2
1713,1714,4,100,30,50,0.25,0.5,0.9333333333333333
1714,1713,4,100,30,50,0.25,0.3,1.0
1715,1716,4,100,30,50,0.5,0.3,1.2666666666666666
1716,1710,4,100,30,50,0.0,0.3,1.0333333333333334
1717,1715,4,100,30,50,0.25,0.7,1.1
1718,1721,4,100,30,50,0.75,0.7,0.8
1719,1722,4,100,30,50,1.0,0.3,1.1
1720,1719,4,100,30,50,0.75,0.3,0.9
1721,1718,4,100,30,50,0.5,0.7,0.9333333333333333
1722,1720,4,100,30,50,0.75,0.5,0.9
1723,1724,4,100,30,50,1.0,0.7,0.7666666666666667
1724,1725,4,100,40,10,0.0,0.3,0.925
1725,1723,4,100,30,50,1.0,0.5,1.1
1726,1728,4,100,40,10,0.25,0.3,1.125
1727,1732,4,100,40,10,0.5,0.5,0.875
1728,1726,4,100,40,10,0.0,0.5,0.975
1729,1733,4,100,40,10,0.5,0.7,0.875
1730,1729,4,100,40,10,0.25,0.5,1.05
1731,1731,4,100,40,10,0.5,0.3,1.025
1732,1727,4,100,40,10,0.0,0.7,1.225
1733,1730,4,100,40,10,0.25,0.7,1.05
1734,1736,4,100,40,10,0.75,0.7,0.975
1735,1734,4,100,40,10,0.75,0.3,0.95
1736,1737,4,100,40,10,1.0,0.3,0.9
1737,1741,4,100,40,20,0.0,0.5,1.1
1738,1739,4,100,40,10,1.0,0.7,1.2
1739,1742,4,100,40,20,0.0,0.7,1.025
1740,1740,4,100,40,20,0.0,0.3,1.025
1741,1738,4,100,40,10,1.0,0.5,0.825
1742,1735,4,100,40,10,0.75,0.5,0.925
1743,1743,4,100,40,20,0.25,0.3,1.1
1744,1747,4,100,40,20,0.5,0.5,1.1
1745,1750,4,100,40,20,0.75,0.5,0.975
1746,1744,4,100,40,20,0.25,0.5,0.975
1747,1745,4,100,40,20,0.25,0.7,1.0
1748,1746,4,100,40,20,0.5,0.3,1.075
1749,1751,4,100,40,20,0.75,0.7,1.0
1750,1748,4,100,40,20,0.5,0.7,1.15
1751,1749,4,100,40,20,0.75,0.3,1.025
1752,1752,4,100,40,20,1.0,0.3,1.0
1753,1755,4,100,40,30,0.0,0.3,0.85
1754,1753,4,100,40,20,1.0,0.5,0.975
1755,1759,4,100,40,30,0.25,0.5,1.1
1756,1758,4,100,40,30,0.25,0.3,0.85
1757,1760,4,100,40,30,0.25,0.7,0.775
1758,1754,4,100,40,20,1.0,0.7,0.85
1759,1756,4,100,40,30,0.0,0.5,0.95
1760,1757,4,100,40,30,0.0,0.7,0.875
1761,1764,4,100,40,30,0.75,0.3,0.9
1762,1761,4,100,40,30,0.5,0.3,1.075
1763,1762,4,100,40,30,0.5,0.5,0.9
1764,1765,4,100,40,30,0.75,0.5,1.075
1765,1763,4,100,40,30,0.5,0.7,0.95
1766,1766,4,100,40,30,0.75,0.7,0.95
1767,1767,4,100,40,30,1.0,0.3,1.125
1768,1770,4,100,40,40,0.0,0.3,1.0
1769,1773,4,100,40,40,0.25,0.3,0.675
1770,1771,4,100,40,40,0.0,0.5,1.225
1771,1769,4,100,40,30,1.0,0.7,0.975
1772,1778,4,100,40,40,0.5,0.7,0.975
1773,1777,4,100,40,40,0.5,0.5,1.125
1774,1768,4,100,40,30,1.0,0.5,0.95
1775,1779,4,100,40,40,0.75,0.3,1.125
1776,1775,4,100,40,40,0.25,0.7,1.15
1777,1776,4,100,40,40,0.5,0.3,1.15
1778,1772,4,100,40,40,0.0,0.7,1.0
1779,1774,4,100,40,40,0.25,0.5,0.8
1780,1784,4,100,40,40,1.0,0.7,1.05
1781,1780,4,100,40,40,0.75,0.5,1.075
1782,1781,4,100,40,40,0.75,0.7,1.275
1783,1788,4,100,40,50,0.25,0.3,1.175
1784,1789,4,100,40,50,0.25,0.5,1.3
1785,1782,4,100,40,40,1.0,0.3,1.15
1786,1786,4,100,40,50,0.0,0.5,1.0
1787,1785,4,100,40,50,0.0,0.3,1.0
1788,1783,4,100,40,40,1.0,0.5,0.975
1789,1791,4,100,40,50,0.5,0.3,0.775
1790,1787,4,100,40,50,0.0,0.7,1.05
1791,1796,4,100,40,50,0.75,0.7,1.075
1792,1790,4,100,40,50,0.25,0.7,1.125
1793,1799,4,100,40,50,1.0,0.7,1.175
1794,1798,4,100,40,50,1.0,0.5,1.1
1795,1792,4,100,40,50,0.5,0.5,0.725
1796,1793,4,100,40,50,0.5,0.7,1.25
1797,1802,4,100,50,10,0.0,0.7,0.84
1798,1800,4,100,50,10,0.0,0.3,0.96
1799,1794,4,100,40,50,0.75,0.3,0.9
1800,1801,4,100,50,10,0.0,0.5,1.06
1801,1795,4,100,40,50,0.75,0.5,1.175
1802,1803,4,100,50,10,0.25,0.3,0.98
1803,1797,4,100,40,50,1.0,0.3,1.0
1804,1805,4,100,50,10,0.25,0.7,0.84
1805,1806,4,100,50,10,0.5,0.3,0.94
1806,1810,4,100,50,10,0.75,0.5,0.9
1807,1809,4,100,50,10,0.75,0.3,1.04
1808,1804,4,100,50,10,0.25,0.5,1.16
1809,1807,4,100,50,10,0.5,0.5,1.08
1810,1811,4,100,50,10,0.75,0.7,1.1
1811,1808,4,100,50,10,0.5,0.7,0.78
1812,1812,4,100,50,10,1.0,0.3,1.04
1813,1814,4,100,50,10,1.0,0.7,0.88
1814,1813,4,100,50,10,1.0,0.5,0.84
1815,1818,4,100,50,20,0.25,0.3,1.1
1816,1817,4,100,50,20,0.0,0.7,0.76
1817,1815,4,100,50,20,0.0,0.3,1.04
1818,1820,4,100,50,20,0.25,0.7,1.18
1819,1816,4,100,50,20,0.0,0.5,1.12
1820,1822,4,100,50,20,0.5,0.5,0.86
1821,1821,4,100,50,20,0.5,0.3,0.96
1822,1819,4,100,50,20,0.25,0.5,1.0
1823,1823,4,100,50,20,0.5,0.7,0.92
1824,1827,4,100,50,20,1.0,0.3,1.0
1825,1825,4,100,50,20,0.75,0.5,0.96
1826,1824,4,100,50,20,0.75,0.3,1.06
1827,1826,4,100,50,20,0.75,0.7,1.02
1828,1830,4,100,50,30,0.0,0.3,1.06
1829,1831,4,100,50,30,0.0,0.5,0.94
1830,1829,4,100,50,20,1.0,0.7,1.2
1831,1828,4,100,50,20,1.0,0.5,1.1
1832,1833,4,100,50,30,0.25,0.3,0.98
1833,1835,4,100,50,30,0.25,0.7,0.96
1834,1839,4,100,50,30,0.75,0.3,0.9
1835,1832,4,100,50,30,0.0,0.7,0.98
1836,1836,4,100,50,30,0.5,0.3,0.98
1837,1838,4,100,50,30,0.5,0.7,1.14
1838,1840,4,100,50,30,0.75,0.5,1.02
1839,1844,4,100,50,30,1.0,0.7,0.9
1840,1834,4,100,50,30,0.25,0.5,1.04
1841,1841,4,100,50,30,0.75,0.7,1.02
1842,1837,4,100,50,30,0.5,0.5,1.24
1843,1842,4,100,50,30,1.0,0.3,0.94
1844,1846,4,100,50,40,0.0,0.5,0.82
1845,1843,4,100,50,30,1.0,0.5,0.88
1846,1848,4,100,50,40,0.25,0.3,0.86
1847,1849,4,100,50,40,0.25,0.5,0.84
1848,1845,4,100,50,40,0.0,0.3,0.88
1849,1847,4,100,50,40,0.0,0.7,0.82
1850,1852,4,100,50,40,0.5,0.5,0.78
1851,1851,4,100,50,40,0.5,0.3,1.04
1852,1850,4,100,50,40,0.25,0.7,0.9
1853,1854,4,100,50,40,0.75,0.3,1.24
1854,1855,4,100,50,40,0.75,0.5,1.08
1855,1857,4,100,50,40,1.0,0.3,1.0
1856,1859,4,100,50,40,1.0,0.7,0.96
1857,1853,4,100,50,40,0.5,0.7,0.9
1858,1856,4,100,50,40,0.75,0.7,0.98
1859,1860,4,100,50,50,0.0,0.3,1.02
1860,1858,4,100,50,40,1.0,0.5,1.1
1861,1861,4,100,50,50,0.0,0.5,1.06
1862,1862,4,100,50,50,0.0,0.7,1.08
1863,1863,4,100,50,50,0.25,0.3,1.1
1864,1865,4,100,50,50,0.25,0.7,0.88
1865,1866,4,100,50,50,0.5,0.3,1.02
1866,1867,4,100,50,50,0.5,0.5,0.88
1867,1872,4,100,50,50,1.0,0.3,1.0
1868,1870,4,100,50,50,0.75,0.5,0.78
1869,1869,4,100,50,50,0.75,0.3,0.98
1870,1864,4,100,50,50,0.25,0.5,1.0
1871,1873,4,100,50,50,1.0,0.5,0.86
1872,1871,4,100,50,50,0.75,0.7,1.14
1873,1868,4,100,50,50,0.5,0.7,0.98
1874,1874,4,100,50,50,1.0,0.7,1.28
