,RunId,iteration,Step,num_agents,num_supportive,stigma_level,support_effectiveness,acceptance_probability,refusal_gets_worse_probability,Average Depression,Mild Count,Moderate Count,Severe Count
0,1,0,50,50,10,0.1,0.1,0.3,0.5,0.78,23,15,12
1,12,0,50,50,10,0.1,0.1,0.9,0.3,0.64,28,12,10
2,5,0,50,50,10,0.1,0.1,0.5,0.5,0.78,24,13,13
3,15,0,50,50,10,0.1,0.1,0.9,0.9,0.84,21,16,13
4,2,0,50,50,10,0.1,0.1,0.3,0.7,0.98,18,15,17
5,7,0,50,50,10,0.1,0.1,0.5,0.9,0.96,18,16,16
6,10,0,50,50,10,0.1,0.1,0.7,0.7,0.9,20,15,15
7,4,0,50,50,10,0.1,0.1,0.5,0.3,0.92,18,18,14
8,8,0,50,50,10,0.1,0.1,0.7,0.3,0.78,25,11,14
9,9,0,50,50,10,0.1,0.1,0.7,0.5,0.64,28,12,10
10,11,0,50,50,10,0.1,0.1,0.7,0.9,0.78,23,15,12
11,0,0,50,50,10,0.1,0.1,0.3,0.3,0.84,21,16,13
12,13,0,50,50,10,0.1,0.1,0.9,0.5,0.46,34,9,7
13,6,0,50,50,10,0.1,0.1,0.5,0.7,0.58,30,11,9
14,3,0,50,50,10,0.1,0.1,0.3,0.9,1.2,13,14,23
15,14,0,50,50,10,0.1,0.1,0.9,0.7,0.86,21,15,14
16,19,0,50,50,10,0.1,0.3,0.3,0.9,1.16,10,22,18
17,18,0,50,50,10,0.1,0.3,0.3,0.7,0.9,18,19,13
18,20,0,50,50,10,0.1,0.3,0.5,0.3,0.64,26,16,8
19,22,0,50,50,10,0.1,0.3,0.5,0.7,0.68,25,16,9
20,23,0,50,50,10,0.1,0.3,0.5,0.9,0.84,21,16,13
21,17,0,50,50,10,0.1,0.3,0.3,0.5,0.92,17,20,13
22,31,0,50,50,10,0.1,0.3,0.9,0.9,0.82,26,7,17
23,24,0,50,50,10,0.1,0.3,0.7,0.3,0.4,36,8,6
24,25,0,50,50,10,0.1,0.3,0.7,0.5,0.42,35,9,6
25,21,0,50,50,10,0.1,0.3,0.5,0.5,0.7,27,11,12
26,28,0,50,50,10,0.1,0.3,0.9,0.3,0.52,32,10,8
27,26,0,50,50,10,0.1,0.3,0.7,0.7,0.62,29,11,10
28,30,0,50,50,10,0.1,0.3,0.9,0.7,0.7,28,9,13
29,29,0,50,50,10,0.1,0.3,0.9,0.5,0.38,38,5,7
30,27,0,50,50,10,0.1,0.3,0.7,0.9,0.68,22,22,6
31,16,0,50,50,10,0.1,0.3,0.3,0.3,0.44,34,10,6
32,35,0,50,50,10,0.1,0.5,0.3,0.9,1.2,15,10,25
33,32,0,50,50,10,0.1,0.5,0.3,0.3,0.58,29,13,8
34,34,0,50,50,10,0.1,0.5,0.3,0.7,0.76,26,10,14
35,33,0,50,50,10,0.1,0.5,0.3,0.5,0.72,27,10,13
36,36,0,50,50,10,0.1,0.5,0.5,0.3,0.46,32,13,5
37,43,0,50,50,10,0.1,0.5,0.7,0.9,0.46,33,11,6
38,37,0,50,50,10,0.1,0.5,0.5,0.5,0.66,28,11,11
39,39,0,50,50,10,0.1,0.5,0.5,0.9,0.88,20,16,14
40,40,0,50,50,10,0.1,0.5,0.7,0.3,0.64,31,6,13
41,41,0,50,50,10,0.1,0.5,0.7,0.5,0.36,37,8,5
42,45,0,50,50,10,0.1,0.5,0.9,0.5,0.36,39,4,7
43,46,0,50,50,10,0.1,0.5,0.9,0.7,0.42,34,11,5
44,38,0,50,50,10,0.1,0.5,0.5,0.7,0.7,27,11,12
45,42,0,50,50,10,0.1,0.5,0.7,0.7,0.5,30,15,5
46,47,0,50,50,10,0.1,0.5,0.9,0.9,0.46,34,9,7
47,44,0,50,50,10,0.1,0.5,0.9,0.3,0.24,41,6,3
48,49,0,50,50,10,0.1,0.7,0.3,0.5,0.9,24,7,19
49,48,0,50,50,10,0.1,0.7,0.3,0.3,0.64,26,16,8
50,53,0,50,50,10,0.1,0.7,0.5,0.5,0.8,26,8,16
51,50,0,50,50,10,0.1,0.7,0.3,0.7,1.04,19,10,21
52,52,0,50,50,10,0.1,0.7,0.5,0.3,0.54,31,11,8
53,54,0,50,50,10,0.1,0.7,0.5,0.7,0.94,20,13,17
54,56,0,50,50,10,0.1,0.7,0.7,0.3,0.36,36,10,4
55,51,0,50,50,10,0.1,0.7,0.3,0.9,1.2,14,12,24
56,60,0,50,50,10,0.1,0.7,0.9,0.3,0.34,38,7,5
57,59,0,50,50,10,0.1,0.7,0.7,0.9,0.74,25,13,12
58,55,0,50,50,10,0.1,0.7,0.5,0.9,1.02,17,15,18
59,58,0,50,50,10,0.1,0.7,0.7,0.7,0.46,34,9,7
60,57,0,50,50,10,0.1,0.7,0.7,0.5,0.54,33,7,10
61,61,0,50,50,10,0.1,0.7,0.9,0.5,0.32,40,4,6
62,62,0,50,50,10,0.1,0.7,0.9,0.7,0.44,35,8,7
63,63,0,50,50,10,0.1,0.7,0.9,0.9,0.42,37,5,8
64,68,0,50,50,10,0.1,0.9,0.5,0.3,0.64,30,8,12
65,65,0,50,50,10,0.1,0.9,0.3,0.5,0.58,28,15,7
66,64,0,50,50,10,0.1,0.9,0.3,0.3,0.58,32,7,11
67,66,0,50,50,10,0.1,0.9,0.3,0.7,1.06,17,13,20
68,69,0,50,50,10,0.1,0.9,0.5,0.5,0.58,32,7,11
69,74,0,50,50,10,0.1,0.9,0.7,0.7,0.8,24,12,14
70,71,0,50,50,10,0.1,0.9,0.5,0.9,1.0,20,10,20
71,67,0,50,50,10,0.1,0.9,0.3,0.9,1.14,16,11,23
72,70,0,50,50,10,0.1,0.9,0.5,0.7,0.8,24,12,14
73,75,0,50,50,10,0.1,0.9,0.7,0.9,0.54,29,15,6
74,76,0,50,50,10,0.1,0.9,0.9,0.3,0.4,34,12,4
75,72,0,50,50,10,0.1,0.9,0.7,0.3,0.34,37,9,4
76,73,0,50,50,10,0.1,0.9,0.7,0.5,0.44,36,6,8
77,77,0,50,50,10,0.1,0.9,0.9,0.5,0.3,40,5,5
78,79,0,50,50,10,0.1,0.9,0.9,0.9,0.62,30,9,11
79,78,0,50,50,10,0.1,0.9,0.9,0.7,0.26,42,3,5
80,81,0,50,50,10,0.3,0.1,0.3,0.5,0.9,20,15,15
81,80,0,50,50,10,0.3,0.1,0.3,0.3,0.76,23,16,11
82,83,0,50,50,10,0.3,0.1,0.3,0.9,1.08,12,22,16
83,82,0,50,50,10,0.3,0.1,0.3,0.7,1.06,19,9,22
84,87,0,50,50,10,0.3,0.1,0.5,0.9,0.84,19,20,11
85,84,0,50,50,10,0.3,0.1,0.5,0.3,0.66,28,11,11
86,86,0,50,50,10,0.3,0.1,0.5,0.7,0.84,21,16,13
87,85,0,50,50,10,0.3,0.1,0.5,0.5,0.86,20,17,13
88,89,0,50,50,10,0.3,0.1,0.7,0.5,0.66,26,15,9
89,88,0,50,50,10,0.3,0.1,0.7,0.3,0.56,31,10,9
90,90,0,50,50,10,0.3,0.1,0.7,0.7,0.9,21,13,16
91,92,0,50,50,10,0.3,0.1,0.9,0.3,0.88,21,14,15
92,91,0,50,50,10,0.3,0.1,0.7,0.9,0.76,23,16,11
93,93,0,50,50,10,0.3,0.1,0.9,0.5,0.72,27,10,13
94,94,0,50,50,10,0.3,0.1,0.9,0.7,0.76,28,6,16
95,95,0,50,50,10,0.3,0.1,0.9,0.9,0.6,27,16,7
96,97,0,50,50,10,0.3,0.3,0.3,0.5,0.72,27,10,13
97,96,0,50,50,10,0.3,0.3,0.3,0.3,0.68,30,6,14
98,100,0,50,50,10,0.3,0.3,0.5,0.3,0.76,26,10,14
99,98,0,50,50,10,0.3,0.3,0.3,0.7,1.12,14,16,20
100,102,0,50,50,10,0.3,0.3,0.5,0.7,0.8,23,14,13
101,99,0,50,50,10,0.3,0.3,0.3,0.9,1.34,9,15,26
102,101,0,50,50,10,0.3,0.3,0.5,0.5,0.56,31,10,9
103,107,0,50,50,10,0.3,0.3,0.7,0.9,0.88,19,18,13
104,104,0,50,50,10,0.3,0.3,0.7,0.3,0.48,32,12,6
105,103,0,50,50,10,0.3,0.3,0.5,0.9,1.02,15,19,16
106,105,0,50,50,10,0.3,0.3,0.7,0.5,0.7,28,9,13
107,108,0,50,50,10,0.3,0.3,0.9,0.3,0.52,30,14,6
108,106,0,50,50,10,0.3,0.3,0.7,0.7,0.7,25,15,10
109,109,0,50,50,10,0.3,0.3,0.9,0.5,0.44,37,4,9
110,110,0,50,50,10,0.3,0.3,0.9,0.7,0.76,25,12,13
111,111,0,50,50,10,0.3,0.3,0.9,0.9,0.7,28,9,13
112,112,0,50,50,10,0.3,0.5,0.3,0.3,0.68,25,16,9
113,114,0,50,50,10,0.3,0.5,0.3,0.7,0.92,21,12,17
114,115,0,50,50,10,0.3,0.5,0.3,0.9,1.12,15,14,21
115,113,0,50,50,10,0.3,0.5,0.3,0.5,0.64,27,14,9
116,120,0,50,50,10,0.3,0.5,0.7,0.3,0.64,27,14,9
117,117,0,50,50,10,0.3,0.5,0.5,0.5,0.62,31,7,12
118,116,0,50,50,10,0.3,0.5,0.5,0.3,0.46,33,11,6
119,119,0,50,50,10,0.3,0.5,0.5,0.9,0.9,17,21,12
120,118,0,50,50,10,0.3,0.5,0.5,0.7,0.82,23,13,14
121,121,0,50,50,10,0.3,0.5,0.7,0.5,0.48,32,12,6
122,124,0,50,50,10,0.3,0.5,0.9,0.3,0.36,38,6,6
123,122,0,50,50,10,0.3,0.5,0.7,0.7,0.56,31,10,9
124,123,0,50,50,10,0.3,0.5,0.7,0.9,0.76,22,18,10
125,125,0,50,50,10,0.3,0.5,0.9,0.5,0.54,33,7,10
126,127,0,50,50,10,0.3,0.5,0.9,0.9,0.44,35,8,7
127,126,0,50,50,10,0.3,0.5,0.9,0.7,0.28,40,6,4
128,128,0,50,50,10,0.3,0.7,0.3,0.3,0.64,30,8,12
129,130,0,50,50,10,0.3,0.7,0.3,0.7,1.04,18,12,20
130,131,0,50,50,10,0.3,0.7,0.3,0.9,1.08,18,10,22
131,129,0,50,50,10,0.3,0.7,0.3,0.5,0.78,26,9,15
132,132,0,50,50,10,0.3,0.7,0.5,0.3,0.44,36,6,8
133,133,0,50,50,10,0.3,0.7,0.5,0.5,0.44,35,8,7
134,134,0,50,50,10,0.3,0.7,0.5,0.7,0.68,30,6,14
135,135,0,50,50,10,0.3,0.7,0.5,0.9,1.08,18,10,22
136,137,0,50,50,10,0.3,0.7,0.7,0.5,0.5,33,9,8
137,138,0,50,50,10,0.3,0.7,0.7,0.7,0.42,35,9,6
138,136,0,50,50,10,0.3,0.7,0.7,0.3,0.34,39,5,6
139,140,0,50,50,10,0.3,0.7,0.9,0.3,0.3,40,5,5
140,139,0,50,50,10,0.3,0.7,0.7,0.9,0.78,25,11,14
141,141,0,50,50,10,0.3,0.7,0.9,0.5,0.28,40,6,4
142,142,0,50,50,10,0.3,0.7,0.9,0.7,0.6,30,10,10
143,143,0,50,50,10,0.3,0.7,0.9,0.9,0.62,34,1,15
144,144,0,50,50,10,0.3,0.9,0.3,0.3,0.74,28,7,15
145,145,0,50,50,10,0.3,0.9,0.3,0.5,0.84,23,12,15
146,149,0,50,50,10,0.3,0.9,0.5,0.5,0.78,25,11,14
147,150,0,50,50,10,0.3,0.9,0.5,0.7,0.66,30,7,13
148,146,0,50,50,10,0.3,0.9,0.3,0.7,1.16,17,8,25
149,147,0,50,50,10,0.3,0.9,0.3,0.9,1.24,16,6,28
150,151,0,50,50,10,0.3,0.9,0.5,0.9,0.9,23,9,18
151,148,0,50,50,10,0.3,0.9,0.5,0.3,0.4,36,8,6
152,152,0,50,50,10,0.3,0.9,0.7,0.3,0.36,40,2,8
153,154,0,50,50,10,0.3,0.9,0.7,0.7,0.54,34,5,11
154,153,0,50,50,10,0.3,0.9,0.7,0.5,0.38,37,7,6
155,156,0,50,50,10,0.3,0.9,0.9,0.3,0.18,43,5,2
156,155,0,50,50,10,0.3,0.9,0.7,0.9,0.66,30,7,13
157,158,0,50,50,10,0.3,0.9,0.9,0.7,0.64,29,10,11
158,157,0,50,50,10,0.3,0.9,0.9,0.5,0.38,37,7,6
159,159,0,50,50,10,0.3,0.9,0.9,0.9,0.38,35,11,4
160,160,0,50,50,10,0.5,0.1,0.3,0.3,0.88,23,10,17
161,161,0,50,50,10,0.5,0.1,0.3,0.5,0.72,24,16,10
162,162,0,50,50,10,0.5,0.1,0.3,0.7,0.84,21,16,13
163,163,0,50,50,10,0.5,0.1,0.3,0.9,1.26,11,15,24
164,165,0,50,50,10,0.5,0.1,0.5,0.5,0.68,26,14,10
165,164,0,50,50,10,0.5,0.1,0.5,0.3,0.66,26,15,9
166,168,0,50,50,10,0.5,0.1,0.7,0.3,0.76,24,14,12
167,167,0,50,50,10,0.5,0.1,0.5,0.9,0.86,21,15,14
168,170,0,50,50,10,0.5,0.1,0.7,0.7,0.7,26,13,11
169,166,0,50,50,10,0.5,0.1,0.5,0.7,0.68,25,16,9
170,169,0,50,50,10,0.5,0.1,0.7,0.5,0.72,26,12,12
171,171,0,50,50,10,0.5,0.1,0.7,0.9,1.04,18,12,20
172,172,0,50,50,10,0.5,0.1,0.9,0.3,0.56,33,6,11
173,174,0,50,50,10,0.5,0.1,0.9,0.7,0.64,30,8,12
174,173,0,50,50,10,0.5,0.1,0.9,0.5,0.58,29,13,8
175,175,0,50,50,10,0.5,0.1,0.9,0.9,0.7,25,15,10
176,176,0,50,50,10,0.5,0.3,0.3,0.3,0.66,29,9,12
177,177,0,50,50,10,0.5,0.3,0.3,0.5,0.76,23,16,11
178,178,0,50,50,10,0.5,0.3,0.3,0.7,0.84,21,16,13
179,182,0,50,50,10,0.5,0.3,0.5,0.7,0.82,22,15,13
180,179,0,50,50,10,0.5,0.3,0.3,0.9,1.08,17,12,21
181,180,0,50,50,10,0.5,0.3,0.5,0.3,0.3,38,9,3
182,183,0,50,50,10,0.5,0.3,0.5,0.9,1.06,11,25,14
183,181,0,50,50,10,0.5,0.3,0.5,0.5,0.64,28,12,10
184,186,0,50,50,10,0.5,0.3,0.7,0.7,0.76,23,16,11
185,184,0,50,50,10,0.5,0.3,0.7,0.3,0.52,32,10,8
186,185,0,50,50,10,0.5,0.3,0.7,0.5,0.46,35,7,8
187,188,0,50,50,10,0.5,0.3,0.9,0.3,0.64,29,10,11
188,189,0,50,50,10,0.5,0.3,0.9,0.5,0.68,28,10,12
189,187,0,50,50,10,0.5,0.3,0.7,0.9,0.64,25,18,7
190,190,0,50,50,10,0.5,0.3,0.9,0.7,0.4,35,10,5
191,191,0,50,50,10,0.5,0.3,0.9,0.9,0.56,30,12,8
192,193,0,50,50,10,0.5,0.5,0.3,0.5,0.78,21,19,10
193,192,0,50,50,10,0.5,0.5,0.3,0.3,0.68,30,6,14
194,194,0,50,50,10,0.5,0.5,0.3,0.7,0.98,21,9,20
195,196,0,50,50,10,0.5,0.5,0.5,0.3,0.5,34,7,9
196,197,0,50,50,10,0.5,0.5,0.5,0.5,0.62,28,13,9
197,200,0,50,50,10,0.5,0.5,0.7,0.3,0.5,34,7,9
198,195,0,50,50,10,0.5,0.5,0.3,0.9,1.16,15,12,23
199,198,0,50,50,10,0.5,0.5,0.5,0.7,0.68,27,12,11
200,199,0,50,50,10,0.5,0.5,0.5,0.9,0.74,25,13,12
201,201,0,50,50,10,0.5,0.5,0.7,0.5,0.34,38,7,5
202,202,0,50,50,10,0.5,0.5,0.7,0.7,0.34,38,7,5
203,205,0,50,50,10,0.5,0.5,0.9,0.5,0.48,33,10,7
204,203,0,50,50,10,0.5,0.5,0.7,0.9,0.52,30,14,6
205,204,0,50,50,10,0.5,0.5,0.9,0.3,0.34,39,5,6
206,207,0,50,50,10,0.5,0.5,0.9,0.9,0.54,32,9,9
207,206,0,50,50,10,0.5,0.5,0.9,0.7,0.22,41,7,2
208,208,0,50,50,10,0.5,0.7,0.3,0.3,0.48,34,8,8
209,209,0,50,50,10,0.5,0.7,0.3,0.5,0.72,25,14,11
210,210,0,50,50,10,0.5,0.7,0.3,0.7,1.02,17,15,18
211,211,0,50,50,10,0.5,0.7,0.3,0.9,1.22,16,7,27
212,213,0,50,50,10,0.5,0.7,0.5,0.5,0.62,29,11,10
213,212,0,50,50,10,0.5,0.7,0.5,0.3,0.54,31,11,8
214,216,0,50,50,10,0.5,0.7,0.7,0.3,0.4,35,10,5
215,214,0,50,50,10,0.5,0.7,0.5,0.7,0.84,27,4,19
216,215,0,50,50,10,0.5,0.7,0.5,0.9,1.16,16,10,24
217,217,0,50,50,10,0.5,0.7,0.7,0.5,0.64,29,10,11
218,218,0,50,50,10,0.5,0.7,0.7,0.7,0.52,31,12,7
219,219,0,50,50,10,0.5,0.7,0.7,0.9,0.54,30,13,7
220,220,0,50,50,10,0.5,0.7,0.9,0.3,0.48,36,4,10
221,221,0,50,50,10,0.5,0.7,0.9,0.5,0.28,41,4,5
222,222,0,50,50,10,0.5,0.7,0.9,0.7,0.3,39,7,4
223,223,0,50,50,10,0.5,0.7,0.9,0.9,0.36,36,10,4
224,224,0,50,50,10,0.5,0.9,0.3,0.3,0.72,27,10,13
225,225,0,50,50,10,0.5,0.9,0.3,0.5,0.82,25,9,16
226,226,0,50,50,10,0.5,0.9,0.3,0.7,0.84,21,16,13
227,229,0,50,50,10,0.5,0.9,0.5,0.5,0.68,26,14,10
228,228,0,50,50,10,0.5,0.9,0.5,0.3,0.34,36,11,3
229,230,0,50,50,10,0.5,0.9,0.5,0.7,1.02,19,11,20
230,227,0,50,50,10,0.5,0.9,0.3,0.9,0.96,19,14,17
231,231,0,50,50,10,0.5,0.9,0.5,0.9,0.9,23,9,18
232,233,0,50,50,10,0.5,0.9,0.7,0.5,0.46,36,5,9
233,232,0,50,50,10,0.5,0.9,0.7,0.3,0.42,35,9,6
234,234,0,50,50,10,0.5,0.9,0.7,0.7,0.74,24,15,11
235,235,0,50,50,10,0.5,0.9,0.7,0.9,0.72,26,12,12
236,236,0,50,50,10,0.5,0.9,0.9,0.3,0.34,39,5,6
237,238,0,50,50,10,0.5,0.9,0.9,0.7,0.46,35,7,8
238,237,0,50,50,10,0.5,0.9,0.9,0.5,0.4,37,6,7
239,239,0,50,50,10,0.5,0.9,0.9,0.9,0.48,35,6,9
240,240,0,50,50,10,0.7,0.1,0.3,0.3,0.98,18,15,17
241,241,0,50,50,10,0.7,0.1,0.3,0.5,0.9,18,19,13
242,244,0,50,50,10,0.7,0.1,0.5,0.3,0.96,16,20,14
243,242,0,50,50,10,0.7,0.1,0.3,0.7,0.92,18,18,14
244,243,0,50,50,10,0.7,0.1,0.3,0.9,0.9,19,17,14
245,245,0,50,50,10,0.7,0.1,0.5,0.5,0.82,24,11,15
246,246,0,50,50,10,0.7,0.1,0.5,0.7,1.04,18,12,20
247,247,0,50,50,10,0.7,0.1,0.5,0.9,0.8,23,14,13
248,248,0,50,50,10,0.7,0.1,0.7,0.3,0.88,22,12,16
249,250,0,50,50,10,0.7,0.1,0.7,0.7,0.76,22,18,10
250,249,0,50,50,10,0.7,0.1,0.7,0.5,0.44,33,12,5
251,252,0,50,50,10,0.7,0.1,0.9,0.3,0.76,24,14,12
252,254,0,50,50,10,0.7,0.1,0.9,0.7,0.78,24,13,13
253,253,0,50,50,10,0.7,0.1,0.9,0.5,1.12,16,12,22
254,255,0,50,50,10,0.7,0.1,0.9,0.9,0.86,22,13,15
255,251,0,50,50,10,0.7,0.1,0.7,0.9,0.88,21,14,15
256,256,0,50,50,10,0.7,0.3,0.3,0.3,0.74,25,13,12
257,257,0,50,50,10,0.7,0.3,0.3,0.5,0.5,34,7,9
258,258,0,50,50,10,0.7,0.3,0.3,0.7,0.96,17,18,15
259,259,0,50,50,10,0.7,0.3,0.3,0.9,1.08,14,18,18
260,260,0,50,50,10,0.7,0.3,0.5,0.3,0.6,30,10,10
261,261,0,50,50,10,0.7,0.3,0.5,0.5,0.46,33,11,6
262,262,0,50,50,10,0.7,0.3,0.5,0.7,0.92,19,16,15
263,263,0,50,50,10,0.7,0.3,0.5,0.9,1.12,12,20,18
264,264,0,50,50,10,0.7,0.3,0.7,0.3,0.46,34,9,7
265,265,0,50,50,10,0.7,0.3,0.7,0.5,0.38,35,11,4
266,270,0,50,50,10,0.7,0.3,0.9,0.7,0.66,27,13,10
267,267,0,50,50,10,0.7,0.3,0.7,0.9,0.9,23,9,18
268,266,0,50,50,10,0.7,0.3,0.7,0.7,0.58,32,7,11
269,269,0,50,50,10,0.7,0.3,0.9,0.5,0.6,32,6,12
270,268,0,50,50,10,0.7,0.3,0.9,0.3,0.5,34,7,9
271,271,0,50,50,10,0.7,0.3,0.9,0.9,0.4,37,6,7
272,272,0,50,50,10,0.7,0.5,0.3,0.3,0.62,28,13,9
273,276,0,50,50,10,0.7,0.5,0.5,0.3,0.38,36,9,5
274,275,0,50,50,10,0.7,0.5,0.3,0.9,1.14,17,9,24
275,274,0,50,50,10,0.7,0.5,0.3,0.7,1.1,17,11,22
276,273,0,50,50,10,0.7,0.5,0.3,0.5,1.02,19,11,20
277,278,0,50,50,10,0.7,0.5,0.5,0.7,0.74,27,9,14
278,277,0,50,50,10,0.7,0.5,0.5,0.5,0.66,27,13,10
279,279,0,50,50,10,0.7,0.5,0.5,0.9,0.92,20,14,16
280,281,0,50,50,10,0.7,0.5,0.7,0.5,0.64,29,10,11
281,280,0,50,50,10,0.7,0.5,0.7,0.3,0.28,40,6,4
282,282,0,50,50,10,0.7,0.5,0.7,0.7,0.56,30,12,8
283,283,0,50,50,10,0.7,0.5,0.7,0.9,0.8,22,16,12
284,285,0,50,50,10,0.7,0.5,0.9,0.5,0.28,40,6,4
285,284,0,50,50,10,0.7,0.5,0.9,0.3,0.44,37,4,9
286,286,0,50,50,10,0.7,0.5,0.9,0.7,0.4,38,4,8
287,287,0,50,50,10,0.7,0.5,0.9,0.9,0.34,38,7,5
288,288,0,50,50,10,0.7,0.7,0.3,0.3,0.58,32,7,11
289,290,0,50,50,10,0.7,0.7,0.3,0.7,1.12,20,4,26
290,292,0,50,50,10,0.7,0.7,0.5,0.3,0.62,28,13,9
291,289,0,50,50,10,0.7,0.7,0.3,0.5,0.66,28,11,11
292,293,0,50,50,10,0.7,0.7,0.5,0.5,0.48,35,6,9
293,295,0,50,50,10,0.7,0.7,0.5,0.9,0.9,22,11,17
294,297,0,50,50,10,0.7,0.7,0.7,0.5,0.64,29,10,11
295,291,0,50,50,10,0.7,0.7,0.3,0.9,1.22,14,11,25
296,294,0,50,50,10,0.7,0.7,0.5,0.7,0.64,30,8,12
297,296,0,50,50,10,0.7,0.7,0.7,0.3,0.52,33,8,9
298,298,0,50,50,10,0.7,0.7,0.7,0.7,0.48,35,6,9
299,299,0,50,50,10,0.7,0.7,0.7,0.9,0.64,27,14,9
300,300,0,50,50,10,0.7,0.7,0.9,0.3,0.36,38,6,6
301,301,0,50,50,10,0.7,0.7,0.9,0.5,0.56,31,10,9
302,303,0,50,50,10,0.7,0.7,0.9,0.9,0.44,35,8,7
303,302,0,50,50,10,0.7,0.7,0.9,0.7,0.4,35,10,5
304,304,0,50,50,10,0.7,0.9,0.3,0.3,0.54,32,9,9
305,305,0,50,50,10,0.7,0.9,0.3,0.5,0.88,21,14,15
306,307,0,50,50,10,0.7,0.9,0.3,0.9,1.12,18,8,24
307,306,0,50,50,10,0.7,0.9,0.3,0.7,0.98,19,13,18
308,312,0,50,50,10,0.7,0.9,0.7,0.3,0.78,27,7,16
309,309,0,50,50,10,0.7,0.9,0.5,0.5,0.54,32,9,9
310,308,0,50,50,10,0.7,0.9,0.5,0.3,0.56,31,10,9
311,310,0,50,50,10,0.7,0.9,0.5,0.7,0.94,23,7,20
312,311,0,50,50,10,0.7,0.9,0.5,0.9,1.06,18,11,21
313,313,0,50,50,10,0.7,0.9,0.7,0.5,0.48,34,8,8
314,317,0,50,50,10,0.7,0.9,0.9,0.5,0.54,33,7,10
315,315,0,50,50,10,0.7,0.9,0.7,0.9,0.58,33,5,12
316,314,0,50,50,10,0.7,0.9,0.7,0.7,0.56,32,8,10
317,316,0,50,50,10,0.7,0.9,0.9,0.3,0.36,39,4,7
318,319,0,50,50,10,0.7,0.9,0.9,0.9,0.42,36,7,7
319,318,0,50,50,10,0.7,0.9,0.9,0.7,0.38,38,5,7
320,320,0,50,50,10,0.9,0.1,0.3,0.3,0.7,25,15,10
321,323,0,50,50,10,0.9,0.1,0.3,0.9,0.94,20,13,17
322,322,0,50,50,10,0.9,0.1,0.3,0.7,0.84,21,16,13
323,321,0,50,50,10,0.9,0.1,0.3,0.5,0.66,28,11,11
324,324,0,50,50,10,0.9,0.1,0.5,0.3,0.68,27,12,11
325,325,0,50,50,10,0.9,0.1,0.5,0.5,0.86,22,13,15
326,328,0,50,50,10,0.9,0.1,0.7,0.3,0.68,28,10,12
327,327,0,50,50,10,0.9,0.1,0.5,0.9,0.94,20,13,17
328,326,0,50,50,10,0.9,0.1,0.5,0.7,0.98,18,15,17
329,329,0,50,50,10,0.9,0.1,0.7,0.5,1.0,14,22,14
330,330,0,50,50,10,0.9,0.1,0.7,0.7,0.96,17,18,15
331,331,0,50,50,10,0.9,0.1,0.7,0.9,0.6,31,8,11
332,332,0,50,50,10,0.9,0.1,0.9,0.3,1.04,18,12,20
333,333,0,50,50,10,0.9,0.1,0.9,0.5,0.88,23,10,17
334,334,0,50,50,10,0.9,0.1,0.9,0.7,0.56,30,12,8
335,335,0,50,50,10,0.9,0.1,0.9,0.9,0.86,19,19,12
336,336,0,50,50,10,0.9,0.3,0.3,0.3,0.6,30,10,10
337,337,0,50,50,10,0.9,0.3,0.3,0.5,0.74,24,15,11
338,338,0,50,50,10,0.9,0.3,0.3,0.7,0.88,19,18,13
339,339,0,50,50,10,0.9,0.3,0.3,0.9,1.32,12,10,28
340,341,0,50,50,10,0.9,0.3,0.5,0.5,0.58,32,7,11
341,344,0,50,50,10,0.9,0.3,0.7,0.3,0.9,23,9,18
342,340,0,50,50,10,0.9,0.3,0.5,0.3,0.42,36,7,7
343,345,0,50,50,10,0.9,0.3,0.7,0.5,0.62,29,11,10
344,343,0,50,50,10,0.9,0.3,0.5,0.9,0.96,17,18,15
345,342,0,50,50,10,0.9,0.3,0.5,0.7,0.76,24,14,12
346,346,0,50,50,10,0.9,0.3,0.7,0.7,0.34,35,13,2
347,347,0,50,50,10,0.9,0.3,0.7,0.9,0.62,30,9,11
348,348,0,50,50,10,0.9,0.3,0.9,0.3,0.64,32,4,14
349,349,0,50,50,10,0.9,0.3,0.9,0.5,0.46,32,13,5
350,350,0,50,50,10,0.9,0.3,0.9,0.7,0.26,39,9,2
351,351,0,50,50,10,0.9,0.3,0.9,0.9,0.48,35,6,9
352,352,0,50,50,10,0.9,0.5,0.3,0.3,0.62,28,13,9
353,354,0,50,50,10,0.9,0.5,0.3,0.7,1.1,19,7,24
354,353,0,50,50,10,0.9,0.5,0.3,0.5,0.74,27,9,14
355,355,0,50,50,10,0.9,0.5,0.3,0.9,1.4,12,6,32
356,357,0,50,50,10,0.9,0.5,0.5,0.5,0.6,30,10,10
357,358,0,50,50,10,0.9,0.5,0.5,0.7,0.84,24,10,16
358,359,0,50,50,10,0.9,0.5,0.5,0.9,1.04,19,10,21
359,356,0,50,50,10,0.9,0.5,0.5,0.3,0.42,36,7,7
360,361,0,50,50,10,0.9,0.5,0.7,0.5,0.62,29,11,10
361,362,0,50,50,10,0.9,0.5,0.7,0.7,0.56,29,14,7
362,360,0,50,50,10,0.9,0.5,0.7,0.3,0.34,39,5,6
363,363,0,50,50,10,0.9,0.5,0.7,0.9,0.48,33,10,7
364,364,0,50,50,10,0.9,0.5,0.9,0.3,0.38,33,15,2
365,365,0,50,50,10,0.9,0.5,0.9,0.5,0.42,35,9,6
366,366,0,50,50,10,0.9,0.5,0.9,0.7,0.44,36,6,8
367,367,0,50,50,10,0.9,0.5,0.9,0.9,0.44,34,10,6
368,368,0,50,50,10,0.9,0.7,0.3,0.3,0.84,25,8,17
369,370,0,50,50,10,0.9,0.7,0.3,0.7,1.18,17,7,26
370,371,0,50,50,10,0.9,0.7,0.3,0.9,0.8,23,14,13
371,369,0,50,50,10,0.9,0.7,0.3,0.5,0.76,21,20,9
372,373,0,50,50,10,0.9,0.7,0.5,0.5,0.54,32,9,9
373,374,0,50,50,10,0.9,0.7,0.5,0.7,0.84,23,12,15
374,372,0,50,50,10,0.9,0.7,0.5,0.3,0.52,34,6,10
375,376,0,50,50,10,0.9,0.7,0.7,0.3,0.38,38,5,7
376,375,0,50,50,10,0.9,0.7,0.5,0.9,0.88,22,12,16
377,377,0,50,50,10,0.9,0.7,0.7,0.5,0.54,32,9,9
378,378,0,50,50,10,0.9,0.7,0.7,0.7,0.58,28,15,7
379,379,0,50,50,10,0.9,0.7,0.7,0.9,0.92,23,8,19
380,381,0,50,50,10,0.9,0.7,0.9,0.5,0.4,36,8,6
381,380,0,50,50,10,0.9,0.7,0.9,0.3,0.32,40,4,6
382,382,0,50,50,10,0.9,0.7,0.9,0.7,0.58,30,11,9
383,383,0,50,50,10,0.9,0.7,0.9,0.9,0.64,31,6,13
384,384,0,50,50,10,0.9,0.9,0.3,0.3,0.36,37,8,5
385,386,0,50,50,10,0.9,0.9,0.3,0.7,0.88,22,12,16
386,385,0,50,50,10,0.9,0.9,0.3,0.5,0.72,29,6,15
387,387,0,50,50,10,0.9,0.9,0.3,0.9,1.04,19,10,21
388,388,0,50,50,10,0.9,0.9,0.5,0.3,0.5,33,9,8
389,389,0,50,50,10,0.9,0.9,0.5,0.5,0.4,36,8,6
390,390,0,50,50,10,0.9,0.9,0.5,0.7,0.8,25,10,15
391,393,0,50,50,10,0.9,0.9,0.7,0.5,0.56,29,14,7
392,394,0,50,50,10,0.9,0.9,0.7,0.7,0.42,37,5,8
393,391,0,50,50,10,0.9,0.9,0.5,0.9,0.86,25,7,18
394,392,0,50,50,10,0.9,0.9,0.7,0.3,0.4,37,6,7
395,395,0,50,50,10,0.9,0.9,0.7,0.9,0.68,24,18,8
396,396,0,50,50,10,0.9,0.9,0.9,0.3,0.46,33,11,6
397,397,0,50,50,10,0.9,0.9,0.9,0.5,0.38,38,5,7
398,398,0,50,50,10,0.9,0.9,0.9,0.7,0.44,37,4,9
399,399,0,50,50,10,0.9,0.9,0.9,0.9,0.46,34,9,7
400,400,1,50,50,10,0.1,0.1,0.3,0.3,0.84,23,12,15
401,405,1,50,50,10,0.1,0.1,0.5,0.5,0.88,19,18,13
402,401,1,50,50,10,0.1,0.1,0.3,0.5,0.78,21,19,10
403,402,1,50,50,10,0.1,0.1,0.3,0.7,1.1,14,17,19
404,403,1,50,50,10,0.1,0.1,0.3,0.9,1.36,5,22,23
405,406,1,50,50,10,0.1,0.1,0.5,0.7,0.98,17,17,16
406,404,1,50,50,10,0.1,0.1,0.5,0.3,0.74,23,17,10
407,407,1,50,50,10,0.1,0.1,0.5,0.9,0.98,15,21,14
408,408,1,50,50,10,0.1,0.1,0.7,0.3,0.66,28,11,11
409,411,1,50,50,10,0.1,0.1,0.7,0.9,0.74,22,19,9
410,412,1,50,50,10,0.1,0.1,0.9,0.3,0.8,23,14,13
411,410,1,50,50,10,0.1,0.1,0.7,0.7,0.64,27,14,9
412,409,1,50,50,10,0.1,0.1,0.7,0.5,0.72,24,16,10
413,413,1,50,50,10,0.1,0.1,0.9,0.5,0.62,26,17,7
414,414,1,50,50,10,0.1,0.1,0.9,0.7,0.6,32,6,12
415,415,1,50,50,10,0.1,0.1,0.9,0.9,0.7,23,19,8
416,416,1,50,50,10,0.1,0.3,0.3,0.3,0.72,21,22,7
417,419,1,50,50,10,0.1,0.3,0.3,0.9,1.34,11,11,28
418,420,1,50,50,10,0.1,0.3,0.5,0.3,0.72,27,10,13
419,417,1,50,50,10,0.1,0.3,0.3,0.5,0.8,24,12,14
420,423,1,50,50,10,0.1,0.3,0.5,0.9,1.02,15,19,16
421,418,1,50,50,10,0.1,0.3,0.3,0.7,1.14,14,15,21
422,424,1,50,50,10,0.1,0.3,0.7,0.3,0.72,23,18,9
423,422,1,50,50,10,0.1,0.3,0.5,0.7,1.0,18,14,18
424,421,1,50,50,10,0.1,0.3,0.5,0.5,0.42,33,13,4
425,426,1,50,50,10,0.1,0.3,0.7,0.7,0.78,22,17,11
426,427,1,50,50,10,0.1,0.3,0.7,0.9,0.66,27,13,10
427,425,1,50,50,10,0.1,0.3,0.7,0.5,0.48,33,10,7
428,428,1,50,50,10,0.1,0.3,0.9,0.3,0.7,29,7,14
429,430,1,50,50,10,0.1,0.3,0.9,0.7,0.58,30,11,9
430,429,1,50,50,10,0.1,0.3,0.9,0.5,0.5,35,5,10
431,431,1,50,50,10,0.1,0.3,0.9,0.9,0.5,31,13,6
432,432,1,50,50,10,0.1,0.5,0.3,0.3,0.5,35,5,10
433,433,1,50,50,10,0.1,0.5,0.3,0.5,0.58,30,11,9
434,434,1,50,50,10,0.1,0.5,0.3,0.7,0.9,20,15,15
435,437,1,50,50,10,0.1,0.5,0.5,0.5,0.92,24,6,20
436,439,1,50,50,10,0.1,0.5,0.5,0.9,0.94,16,21,13
437,435,1,50,50,10,0.1,0.5,0.3,0.9,1.0,18,14,18
438,436,1,50,50,10,0.1,0.5,0.5,0.3,0.46,37,3,10
439,440,1,50,50,10,0.1,0.5,0.7,0.3,0.52,34,6,10
440,438,1,50,50,10,0.1,0.5,0.5,0.7,0.7,27,11,12
441,441,1,50,50,10,0.1,0.5,0.7,0.5,0.52,31,12,7
442,442,1,50,50,10,0.1,0.5,0.7,0.7,0.48,32,12,6
443,444,1,50,50,10,0.1,0.5,0.9,0.3,0.36,36,10,4
444,443,1,50,50,10,0.1,0.5,0.7,0.9,0.72,28,8,14
445,445,1,50,50,10,0.1,0.5,0.9,0.5,0.44,35,8,7
446,447,1,50,50,10,0.1,0.5,0.9,0.9,0.44,35,8,7
447,446,1,50,50,10,0.1,0.5,0.9,0.7,0.48,32,12,6
448,448,1,50,50,10,0.1,0.7,0.3,0.3,0.68,27,12,11
449,451,1,50,50,10,0.1,0.7,0.3,0.9,1.16,16,10,24
450,452,1,50,50,10,0.1,0.7,0.5,0.3,0.6,31,8,11
451,456,1,50,50,10,0.1,0.7,0.7,0.3,0.52,31,12,7
452,453,1,50,50,10,0.1,0.7,0.5,0.5,0.64,29,10,11
453,449,1,50,50,10,0.1,0.7,0.3,0.5,0.92,21,12,17
454,454,1,50,50,10,0.1,0.7,0.5,0.7,0.62,29,11,10
455,455,1,50,50,10,0.1,0.7,0.5,0.9,0.98,19,13,18
456,450,1,50,50,10,0.1,0.7,0.3,0.7,1.26,14,9,27
457,460,1,50,50,10,0.1,0.7,0.9,0.3,0.42,36,7,7
458,457,1,50,50,10,0.1,0.7,0.7,0.5,0.64,31,6,13
459,458,1,50,50,10,0.1,0.7,0.7,0.7,0.54,33,7,10
460,459,1,50,50,10,0.1,0.7,0.7,0.9,0.86,22,13,15
461,461,1,50,50,10,0.1,0.7,0.9,0.5,0.34,39,5,6
462,462,1,50,50,10,0.1,0.7,0.9,0.7,0.46,33,11,6
463,463,1,50,50,10,0.1,0.7,0.9,0.9,0.78,27,7,16
464,464,1,50,50,10,0.1,0.9,0.3,0.3,0.58,31,9,10
465,467,1,50,50,10,0.1,0.9,0.3,0.9,1.04,19,10,21
466,469,1,50,50,10,0.1,0.9,0.5,0.5,0.82,26,7,17
467,465,1,50,50,10,0.1,0.9,0.3,0.5,0.58,32,7,11
468,470,1,50,50,10,0.1,0.9,0.5,0.7,0.82,26,7,17
469,471,1,50,50,10,0.1,0.9,0.5,0.9,0.86,22,13,15
470,466,1,50,50,10,0.1,0.9,0.3,0.7,0.94,24,5,21
471,468,1,50,50,10,0.1,0.9,0.5,0.3,0.48,34,8,8
472,475,1,50,50,10,0.1,0.9,0.7,0.9,0.62,30,9,11
473,476,1,50,50,10,0.1,0.9,0.9,0.3,0.5,35,5,10
474,473,1,50,50,10,0.1,0.9,0.7,0.5,0.66,26,15,9
475,472,1,50,50,10,0.1,0.9,0.7,0.3,0.52,36,2,12
476,474,1,50,50,10,0.1,0.9,0.7,0.7,0.38,37,7,6
477,477,1,50,50,10,0.1,0.9,0.9,0.5,0.6,32,6,12
478,478,1,50,50,10,0.1,0.9,0.9,0.7,0.3,41,3,6
479,479,1,50,50,10,0.1,0.9,0.9,0.9,0.48,35,6,9
480,480,1,50,50,10,0.3,0.1,0.3,0.3,1.04,16,16,18
481,481,1,50,50,10,0.3,0.1,0.3,0.5,0.6,27,16,7
482,486,1,50,50,10,0.3,0.1,0.5,0.7,0.94,19,15,16
483,485,1,50,50,10,0.3,0.1,0.5,0.5,0.82,23,13,14
484,482,1,50,50,10,0.3,0.1,0.3,0.7,1.0,17,16,17
485,488,1,50,50,10,0.3,0.1,0.7,0.3,0.66,28,11,11
486,484,1,50,50,10,0.3,0.1,0.5,0.3,0.44,32,14,4
487,487,1,50,50,10,0.3,0.1,0.5,0.9,0.96,20,12,18
488,491,1,50,50,10,0.3,0.1,0.7,0.9,1.2,14,12,24
489,483,1,50,50,10,0.3,0.1,0.3,0.9,1.16,15,12,23
490,489,1,50,50,10,0.3,0.1,0.7,0.5,0.82,23,13,14
491,490,1,50,50,10,0.3,0.1,0.7,0.7,0.82,20,19,11
492,492,1,50,50,10,0.3,0.1,0.9,0.3,0.68,30,6,14
493,494,1,50,50,10,0.3,0.1,0.9,0.7,0.78,24,13,13
494,493,1,50,50,10,0.3,0.1,0.9,0.5,0.64,30,8,12
495,495,1,50,50,10,0.3,0.1,0.9,0.9,0.84,23,12,15
496,496,1,50,50,10,0.3,0.3,0.3,0.3,0.84,22,14,14
497,497,1,50,50,10,0.3,0.3,0.3,0.5,0.54,31,11,8
498,499,1,50,50,10,0.3,0.3,0.3,0.9,1.08,13,20,17
499,498,1,50,50,10,0.3,0.3,0.3,0.7,0.76,24,14,12
500,500,1,50,50,10,0.3,0.3,0.5,0.3,0.78,26,9,15
501,503,1,50,50,10,0.3,0.3,0.5,0.9,0.88,18,20,12
502,502,1,50,50,10,0.3,0.3,0.5,0.7,0.64,26,16,8
503,505,1,50,50,10,0.3,0.3,0.7,0.5,0.58,31,9,10
504,501,1,50,50,10,0.3,0.3,0.5,0.5,0.88,24,8,18
505,507,1,50,50,10,0.3,0.3,0.7,0.9,0.84,21,16,13
506,504,1,50,50,10,0.3,0.3,0.7,0.3,0.5,33,9,8
507,506,1,50,50,10,0.3,0.3,0.7,0.7,0.78,25,11,14
508,510,1,50,50,10,0.3,0.3,0.9,0.7,0.42,38,3,9
509,509,1,50,50,10,0.3,0.3,0.9,0.5,0.6,30,10,10
510,508,1,50,50,10,0.3,0.3,0.9,0.3,0.7,27,11,12
511,511,1,50,50,10,0.3,0.3,0.9,0.9,0.38,36,9,5
512,512,1,50,50,10,0.3,0.5,0.3,0.3,0.66,30,7,13
513,513,1,50,50,10,0.3,0.5,0.3,0.5,0.68,26,14,10
514,514,1,50,50,10,0.3,0.5,0.3,0.7,0.9,21,13,16
515,515,1,50,50,10,0.3,0.5,0.3,0.9,1.1,16,13,21
516,517,1,50,50,10,0.3,0.5,0.5,0.5,0.6,28,14,8
517,516,1,50,50,10,0.3,0.5,0.5,0.3,0.66,28,11,11
518,518,1,50,50,10,0.3,0.5,0.5,0.7,0.66,28,11,11
519,521,1,50,50,10,0.3,0.5,0.7,0.5,0.34,36,11,3
520,522,1,50,50,10,0.3,0.5,0.7,0.7,0.54,31,11,8
521,520,1,50,50,10,0.3,0.5,0.7,0.3,0.44,36,6,8
522,523,1,50,50,10,0.3,0.5,0.7,0.9,0.52,32,10,8
523,519,1,50,50,10,0.3,0.5,0.5,0.9,0.98,19,13,18
524,525,1,50,50,10,0.3,0.5,0.9,0.5,0.42,38,3,9
525,524,1,50,50,10,0.3,0.5,0.9,0.3,0.4,37,6,7
526,527,1,50,50,10,0.3,0.5,0.9,0.9,0.4,37,6,7
527,526,1,50,50,10,0.3,0.5,0.9,0.7,0.32,39,6,5
528,528,1,50,50,10,0.3,0.7,0.3,0.3,0.58,29,13,8
529,529,1,50,50,10,0.3,0.7,0.3,0.5,0.92,22,10,18
530,530,1,50,50,10,0.3,0.7,0.3,0.7,0.98,19,13,18
531,535,1,50,50,10,0.3,0.7,0.5,0.9,1.2,15,10,25
532,531,1,50,50,10,0.3,0.7,0.3,0.9,1.24,13,12,25
533,537,1,50,50,10,0.3,0.7,0.7,0.5,0.7,24,17,9
534,533,1,50,50,10,0.3,0.7,0.5,0.5,0.72,28,8,14
535,532,1,50,50,10,0.3,0.7,0.5,0.3,0.46,33,11,6
536,534,1,50,50,10,0.3,0.7,0.5,0.7,0.76,24,14,12
537,538,1,50,50,10,0.3,0.7,0.7,0.7,0.7,26,13,11
538,539,1,50,50,10,0.3,0.7,0.7,0.9,0.56,33,6,11
539,536,1,50,50,10,0.3,0.7,0.7,0.3,0.32,39,6,5
540,540,1,50,50,10,0.3,0.7,0.9,0.3,0.6,30,10,10
541,542,1,50,50,10,0.3,0.7,0.9,0.7,0.26,39,9,2
542,541,1,50,50,10,0.3,0.7,0.9,0.5,0.26,41,5,4
543,543,1,50,50,10,0.3,0.7,0.9,0.9,0.3,40,5,5
544,544,1,50,50,10,0.3,0.9,0.3,0.3,0.64,32,4,14
545,546,1,50,50,10,0.3,0.9,0.3,0.7,0.94,22,9,19
546,545,1,50,50,10,0.3,0.9,0.3,0.5,0.64,30,8,12
547,547,1,50,50,10,0.3,0.9,0.3,0.9,1.22,14,11,25
548,548,1,50,50,10,0.3,0.9,0.5,0.3,0.36,36,10,4
549,551,1,50,50,10,0.3,0.9,0.5,0.9,0.76,26,10,14
550,549,1,50,50,10,0.3,0.9,0.5,0.5,0.84,25,8,17
551,550,1,50,50,10,0.3,0.9,0.5,0.7,0.62,32,5,13
552,552,1,50,50,10,0.3,0.9,0.7,0.3,0.44,33,12,5
553,553,1,50,50,10,0.3,0.9,0.7,0.5,0.42,36,7,7
554,555,1,50,50,10,0.3,0.9,0.7,0.9,0.7,26,13,11
555,554,1,50,50,10,0.3,0.9,0.7,0.7,0.66,28,11,11
556,556,1,50,50,10,0.3,0.9,0.9,0.3,0.36,38,6,6
557,557,1,50,50,10,0.3,0.9,0.9,0.5,0.58,31,9,10
558,558,1,50,50,10,0.3,0.9,0.9,0.7,0.44,35,8,7
559,559,1,50,50,10,0.3,0.9,0.9,0.9,0.52,34,6,10
560,560,1,50,50,10,0.5,0.1,0.3,0.3,0.74,24,15,11
561,562,1,50,50,10,0.5,0.1,0.3,0.7,1.0,17,16,17
562,563,1,50,50,10,0.5,0.1,0.3,0.9,1.0,20,10,20
563,561,1,50,50,10,0.5,0.1,0.3,0.5,0.96,19,14,17
564,564,1,50,50,10,0.5,0.1,0.5,0.3,0.78,24,13,13
565,566,1,50,50,10,0.5,0.1,0.5,0.7,0.94,18,17,15
566,570,1,50,50,10,0.5,0.1,0.7,0.7,0.74,25,13,12
567,568,1,50,50,10,0.5,0.1,0.7,0.3,0.5,31,13,6
568,567,1,50,50,10,0.5,0.1,0.5,0.9,0.82,17,25,8
569,565,1,50,50,10,0.5,0.1,0.5,0.5,0.78,23,15,12
570,571,1,50,50,10,0.5,0.1,0.7,0.9,1.0,17,16,17
571,569,1,50,50,10,0.5,0.1,0.7,0.5,0.6,31,8,11
572,572,1,50,50,10,0.5,0.1,0.9,0.3,0.62,31,7,12
573,573,1,50,50,10,0.5,0.1,0.9,0.5,0.7,28,9,13
574,574,1,50,50,10,0.5,0.1,0.9,0.7,0.52,30,14,6
575,575,1,50,50,10,0.5,0.1,0.9,0.9,0.66,29,9,12
576,576,1,50,50,10,0.5,0.3,0.3,0.3,0.68,26,14,10
577,577,1,50,50,10,0.5,0.3,0.3,0.5,1.08,18,10,22
578,580,1,50,50,10,0.5,0.3,0.5,0.3,0.52,32,10,8
579,578,1,50,50,10,0.5,0.3,0.3,0.7,0.96,20,12,18
580,583,1,50,50,10,0.5,0.3,0.5,0.9,1.06,18,11,21
581,579,1,50,50,10,0.5,0.3,0.3,0.9,1.08,13,20,17
582,581,1,50,50,10,0.5,0.3,0.5,0.5,0.66,29,9,12
583,582,1,50,50,10,0.5,0.3,0.5,0.7,0.88,22,12,16
584,586,1,50,50,10,0.5,0.3,0.7,0.7,0.8,24,12,14
585,585,1,50,50,10,0.5,0.3,0.7,0.5,0.42,35,9,6
586,584,1,50,50,10,0.5,0.3,0.7,0.3,0.48,35,6,9
587,588,1,50,50,10,0.5,0.3,0.9,0.3,0.58,32,7,11
588,587,1,50,50,10,0.5,0.3,0.7,0.9,0.78,25,11,14
589,589,1,50,50,10,0.5,0.3,0.9,0.5,0.54,31,11,8
590,590,1,50,50,10,0.5,0.3,0.9,0.7,0.38,36,9,5
591,591,1,50,50,10,0.5,0.3,0.9,0.9,0.52,33,8,9
592,592,1,50,50,10,0.5,0.5,0.3,0.3,0.64,28,12,10
593,593,1,50,50,10,0.5,0.5,0.3,0.5,0.74,26,11,13
594,594,1,50,50,10,0.5,0.5,0.3,0.7,1.16,11,20,19
595,597,1,50,50,10,0.5,0.5,0.5,0.5,0.5,34,7,9
596,598,1,50,50,10,0.5,0.5,0.5,0.7,0.6,28,14,8
597,595,1,50,50,10,0.5,0.5,0.3,0.9,1.16,16,10,24
598,596,1,50,50,10,0.5,0.5,0.5,0.3,0.36,39,4,7
599,601,1,50,50,10,0.5,0.5,0.7,0.5,0.54,31,11,8
600,599,1,50,50,10,0.5,0.5,0.5,0.9,0.7,24,17,9
601,600,1,50,50,10,0.5,0.5,0.7,0.3,0.44,34,10,6
602,602,1,50,50,10,0.5,0.5,0.7,0.7,0.6,33,4,13
603,603,1,50,50,10,0.5,0.5,0.7,0.9,0.54,30,13,7
604,604,1,50,50,10,0.5,0.5,0.9,0.3,0.36,38,6,6
605,605,1,50,50,10,0.5,0.5,0.9,0.5,0.32,39,6,5
606,606,1,50,50,10,0.5,0.5,0.9,0.7,0.36,38,6,6
607,607,1,50,50,10,0.5,0.5,0.9,0.9,0.38,37,7,6
608,608,1,50,50,10,0.5,0.7,0.3,0.3,0.52,33,8,9
609,609,1,50,50,10,0.5,0.7,0.3,0.5,0.58,30,11,9
610,610,1,50,50,10,0.5,0.7,0.3,0.7,0.96,21,10,19
611,612,1,50,50,10,0.5,0.7,0.5,0.3,0.46,31,15,4
612,614,1,50,50,10,0.5,0.7,0.5,0.7,0.7,25,15,10
613,611,1,50,50,10,0.5,0.7,0.3,0.9,1.26,13,11,26
614,613,1,50,50,10,0.5,0.7,0.5,0.5,0.5,34,7,9
615,615,1,50,50,10,0.5,0.7,0.5,0.9,0.8,26,8,16
616,616,1,50,50,10,0.5,0.7,0.7,0.3,0.46,34,9,7
617,618,1,50,50,10,0.5,0.7,0.7,0.7,0.6,30,10,10
618,617,1,50,50,10,0.5,0.7,0.7,0.5,0.46,33,11,6
619,619,1,50,50,10,0.5,0.7,0.7,0.9,0.7,27,11,12
620,620,1,50,50,10,0.5,0.7,0.9,0.3,0.54,31,11,8
621,621,1,50,50,10,0.5,0.7,0.9,0.5,0.42,33,13,4
622,622,1,50,50,10,0.5,0.7,0.9,0.7,0.38,38,5,7
623,623,1,50,50,10,0.5,0.7,0.9,0.9,0.32,37,10,3
624,624,1,50,50,10,0.5,0.9,0.3,0.3,0.48,34,8,8
625,625,1,50,50,10,0.5,0.9,0.3,0.5,0.94,22,9,19
626,629,1,50,50,10,0.5,0.9,0.5,0.5,0.78,26,9,15
627,631,1,50,50,10,0.5,0.9,0.5,0.9,1.26,14,9,27
628,626,1,50,50,10,0.5,0.9,0.3,0.7,0.94,20,13,17
629,627,1,50,50,10,0.5,0.9,0.3,0.9,1.42,11,7,32
630,630,1,50,50,10,0.5,0.9,0.5,0.7,0.92,21,12,17
631,628,1,50,50,10,0.5,0.9,0.5,0.3,0.64,30,8,12
632,632,1,50,50,10,0.5,0.9,0.7,0.3,0.42,35,9,6
633,633,1,50,50,10,0.5,0.9,0.7,0.5,0.44,35,8,7
634,636,1,50,50,10,0.5,0.9,0.9,0.3,0.26,41,5,4
635,634,1,50,50,10,0.5,0.9,0.7,0.7,0.56,32,8,10
636,635,1,50,50,10,0.5,0.9,0.7,0.9,0.52,34,6,10
637,637,1,50,50,10,0.5,0.9,0.9,0.5,0.38,37,7,6
638,639,1,50,50,10,0.5,0.9,0.9,0.9,0.68,29,8,13
639,638,1,50,50,10,0.5,0.9,0.9,0.7,0.36,38,6,6
640,640,1,50,50,10,0.7,0.1,0.3,0.3,0.74,23,17,10
641,641,1,50,50,10,0.7,0.1,0.3,0.5,0.92,17,20,13
642,645,1,50,50,10,0.7,0.1,0.5,0.5,0.94,18,17,15
643,642,1,50,50,10,0.7,0.1,0.3,0.7,0.88,20,16,14
644,646,1,50,50,10,0.7,0.1,0.5,0.7,0.74,24,15,11
645,643,1,50,50,10,0.7,0.1,0.3,0.9,1.34,8,17,25
646,644,1,50,50,10,0.7,0.1,0.5,0.3,0.48,34,8,8
647,647,1,50,50,10,0.7,0.1,0.5,0.9,1.18,11,19,20
648,648,1,50,50,10,0.7,0.1,0.7,0.3,0.66,28,11,11
649,651,1,50,50,10,0.7,0.1,0.7,0.9,0.84,21,16,13
650,653,1,50,50,10,0.7,0.1,0.9,0.5,0.82,23,13,14
651,652,1,50,50,10,0.7,0.1,0.9,0.3,1.0,18,14,18
652,650,1,50,50,10,0.7,0.1,0.7,0.7,0.64,28,12,10
653,649,1,50,50,10,0.7,0.1,0.7,0.5,0.54,32,9,9
654,655,1,50,50,10,0.7,0.1,0.9,0.9,0.86,22,13,15
655,654,1,50,50,10,0.7,0.1,0.9,0.7,0.82,22,15,13
656,656,1,50,50,10,0.7,0.3,0.3,0.3,0.6,28,14,8
657,657,1,50,50,10,0.7,0.3,0.3,0.5,0.82,23,13,14
658,658,1,50,50,10,0.7,0.3,0.3,0.7,0.84,19,20,11
659,661,1,50,50,10,0.7,0.3,0.5,0.5,0.7,27,11,12
660,660,1,50,50,10,0.7,0.3,0.5,0.3,0.72,26,12,12
661,662,1,50,50,10,0.7,0.3,0.5,0.7,0.7,26,13,11
662,659,1,50,50,10,0.7,0.3,0.3,0.9,1.26,10,17,23
663,664,1,50,50,10,0.7,0.3,0.7,0.3,0.36,35,12,3
664,663,1,50,50,10,0.7,0.3,0.5,0.9,0.7,25,15,10
665,667,1,50,50,10,0.7,0.3,0.7,0.9,0.76,26,10,14
666,665,1,50,50,10,0.7,0.3,0.7,0.5,0.56,30,12,8
667,666,1,50,50,10,0.7,0.3,0.7,0.7,0.64,26,16,8
668,668,1,50,50,10,0.7,0.3,0.9,0.3,0.68,28,10,12
669,669,1,50,50,10,0.7,0.3,0.9,0.5,0.38,37,7,6
670,670,1,50,50,10,0.7,0.3,0.9,0.7,0.58,31,9,10
671,671,1,50,50,10,0.7,0.3,0.9,0.9,0.2,42,6,2
672,672,1,50,50,10,0.7,0.5,0.3,0.3,0.7,28,9,13
673,673,1,50,50,10,0.7,0.5,0.3,0.5,0.8,26,8,16
674,674,1,50,50,10,0.7,0.5,0.3,0.7,0.9,20,15,15
675,677,1,50,50,10,0.7,0.5,0.5,0.5,0.76,25,12,13
676,675,1,50,50,10,0.7,0.5,0.3,0.9,1.48,9,8,33
677,680,1,50,50,10,0.7,0.5,0.7,0.3,0.44,35,8,7
678,676,1,50,50,10,0.7,0.5,0.5,0.3,0.48,34,8,8
679,679,1,50,50,10,0.7,0.5,0.5,0.9,0.88,21,14,15
680,678,1,50,50,10,0.7,0.5,0.5,0.7,0.8,25,10,15
681,682,1,50,50,10,0.7,0.5,0.7,0.7,0.74,24,15,11
682,681,1,50,50,10,0.7,0.5,0.7,0.5,0.58,31,9,10
683,683,1,50,50,10,0.7,0.5,0.7,0.9,0.58,29,13,8
684,684,1,50,50,10,0.7,0.5,0.9,0.3,0.34,39,5,6
685,685,1,50,50,10,0.7,0.5,0.9,0.5,0.3,39,7,4
686,686,1,50,50,10,0.7,0.5,0.9,0.7,0.46,35,7,8
687,687,1,50,50,10,0.7,0.5,0.9,0.9,0.46,32,13,5
688,688,1,50,50,10,0.7,0.7,0.3,0.3,0.72,29,6,15
689,689,1,50,50,10,0.7,0.7,0.3,0.5,0.86,22,13,15
690,690,1,50,50,10,0.7,0.7,0.3,0.7,1.06,15,17,18
691,691,1,50,50,10,0.7,0.7,0.3,0.9,1.3,10,15,25
692,696,1,50,50,10,0.7,0.7,0.7,0.3,0.42,37,5,8
693,695,1,50,50,10,0.7,0.7,0.5,0.9,0.84,25,8,17
694,693,1,50,50,10,0.7,0.7,0.5,0.5,0.52,33,8,9
695,692,1,50,50,10,0.7,0.7,0.5,0.3,0.56,27,18,5
696,694,1,50,50,10,0.7,0.7,0.5,0.7,0.64,29,10,11
697,697,1,50,50,10,0.7,0.7,0.7,0.5,0.66,29,9,12
698,699,1,50,50,10,0.7,0.7,0.7,0.9,0.76,25,12,13
699,698,1,50,50,10,0.7,0.7,0.7,0.7,0.48,33,10,7
700,700,1,50,50,10,0.7,0.7,0.9,0.3,0.58,30,11,9
701,701,1,50,50,10,0.7,0.7,0.9,0.5,0.46,35,7,8
702,702,1,50,50,10,0.7,0.7,0.9,0.7,0.52,35,4,11
703,703,1,50,50,10,0.7,0.7,0.9,0.9,0.4,36,8,6
704,704,1,50,50,10,0.7,0.9,0.3,0.3,0.54,34,5,11
705,705,1,50,50,10,0.7,0.9,0.3,0.5,0.78,25,11,14
706,707,1,50,50,10,0.7,0.9,0.3,0.9,1.16,16,10,24
707,706,1,50,50,10,0.7,0.9,0.3,0.7,0.94,22,9,19
708,708,1,50,50,10,0.7,0.9,0.5,0.3,0.52,31,12,7
709,709,1,50,50,10,0.7,0.9,0.5,0.5,0.46,33,11,6
710,710,1,50,50,10,0.7,0.9,0.5,0.7,0.8,27,6,17
711,712,1,50,50,10,0.7,0.9,0.7,0.3,0.64,30,8,12
712,711,1,50,50,10,0.7,0.9,0.5,0.9,1.06,18,11,21
713,713,1,50,50,10,0.7,0.9,0.7,0.5,0.46,34,9,7
714,715,1,50,50,10,0.7,0.9,0.7,0.9,0.6,30,10,10
715,714,1,50,50,10,0.7,0.9,0.7,0.7,0.62,32,5,13
716,716,1,50,50,10,0.7,0.9,0.9,0.3,0.22,41,7,2
717,717,1,50,50,10,0.7,0.9,0.9,0.5,0.38,38,5,7
718,718,1,50,50,10,0.7,0.9,0.9,0.7,0.56,33,6,11
719,719,1,50,50,10,0.7,0.9,0.9,0.9,0.48,34,8,8
720,720,1,50,50,10,0.9,0.1,0.3,0.3,0.78,23,15,12
721,721,1,50,50,10,0.9,0.1,0.3,0.5,0.94,16,21,13
722,723,1,50,50,10,0.9,0.1,0.3,0.9,0.94,22,9,19
723,722,1,50,50,10,0.9,0.1,0.3,0.7,0.96,18,16,16
724,724,1,50,50,10,0.9,0.1,0.5,0.3,0.88,20,16,14
725,726,1,50,50,10,0.9,0.1,0.5,0.7,0.92,20,14,16
726,725,1,50,50,10,0.9,0.1,0.5,0.5,0.86,18,21,11
727,727,1,50,50,10,0.9,0.1,0.5,0.9,1.12,14,16,20
728,728,1,50,50,10,0.9,0.1,0.7,0.3,0.7,26,13,11
729,729,1,50,50,10,0.9,0.1,0.7,0.5,0.58,28,15,7
730,732,1,50,50,10,0.9,0.1,0.9,0.3,0.48,32,12,6
731,731,1,50,50,10,0.9,0.1,0.7,0.9,1.16,9,24,17
732,730,1,50,50,10,0.9,0.1,0.7,0.7,0.62,27,15,8
733,733,1,50,50,10,0.9,0.1,0.9,0.5,0.66,25,17,8
734,734,1,50,50,10,0.9,0.1,0.9,0.7,0.76,25,12,13
735,735,1,50,50,10,0.9,0.1,0.9,0.9,0.68,27,12,11
736,736,1,50,50,10,0.9,0.3,0.3,0.3,0.52,31,12,7
737,737,1,50,50,10,0.9,0.3,0.3,0.5,0.72,24,16,10
738,738,1,50,50,10,0.9,0.3,0.3,0.7,0.84,22,14,14
739,740,1,50,50,10,0.9,0.3,0.5,0.3,0.64,28,12,10
740,739,1,50,50,10,0.9,0.3,0.3,0.9,1.22,10,19,21
741,741,1,50,50,10,0.9,0.3,0.5,0.5,0.8,24,12,14
742,743,1,50,50,10,0.9,0.3,0.5,0.9,0.96,17,18,15
743,742,1,50,50,10,0.9,0.3,0.5,0.7,0.72,27,10,13
744,744,1,50,50,10,0.9,0.3,0.7,0.3,0.72,26,12,12
745,746,1,50,50,10,0.9,0.3,0.7,0.7,0.8,23,14,13
746,745,1,50,50,10,0.9,0.3,0.7,0.5,0.66,28,11,11
747,747,1,50,50,10,0.9,0.3,0.7,0.9,0.66,25,17,8
748,749,1,50,50,10,0.9,0.3,0.9,0.5,0.64,29,10,11
749,748,1,50,50,10,0.9,0.3,0.9,0.3,0.4,35,10,5
750,750,1,50,50,10,0.9,0.3,0.9,0.7,0.58,32,7,11
751,751,1,50,50,10,0.9,0.3,0.9,0.9,0.54,33,7,10
752,752,1,50,50,10,0.9,0.5,0.3,0.3,0.56,33,6,11
753,753,1,50,50,10,0.9,0.5,0.3,0.5,0.62,31,7,12
754,754,1,50,50,10,0.9,0.5,0.3,0.7,1.26,12,13,25
755,756,1,50,50,10,0.9,0.5,0.5,0.3,0.64,29,10,11
756,755,1,50,50,10,0.9,0.5,0.3,0.9,1.04,15,18,17
757,758,1,50,50,10,0.9,0.5,0.5,0.7,0.86,23,11,16
758,759,1,50,50,10,0.9,0.5,0.5,0.9,0.82,23,13,14
759,757,1,50,50,10,0.9,0.5,0.5,0.5,0.48,36,4,10
760,760,1,50,50,10,0.9,0.5,0.7,0.3,0.36,38,6,6
761,761,1,50,50,10,0.9,0.5,0.7,0.5,0.62,31,7,12
762,762,1,50,50,10,0.9,0.5,0.7,0.7,0.58,28,15,7
763,763,1,50,50,10,0.9,0.5,0.7,0.9,0.42,34,11,5
764,764,1,50,50,10,0.9,0.5,0.9,0.3,0.38,36,9,5
765,765,1,50,50,10,0.9,0.5,0.9,0.5,0.3,40,5,5
766,766,1,50,50,10,0.9,0.5,0.9,0.7,0.5,33,9,8
767,767,1,50,50,10,0.9,0.5,0.9,0.9,0.34,38,7,5
768,768,1,50,50,10,0.9,0.7,0.3,0.3,0.7,29,7,14
769,769,1,50,50,10,0.9,0.7,0.3,0.5,0.76,25,12,13
770,773,1,50,50,10,0.9,0.7,0.5,0.5,0.72,25,14,11
771,771,1,50,50,10,0.9,0.7,0.3,0.9,1.36,13,6,31
772,772,1,50,50,10,0.9,0.7,0.5,0.3,0.64,30,8,12
773,774,1,50,50,10,0.9,0.7,0.5,0.7,0.78,26,9,15
774,770,1,50,50,10,0.9,0.7,0.3,0.7,1.16,18,6,26
775,775,1,50,50,10,0.9,0.7,0.5,0.9,1.02,20,9,21
776,776,1,50,50,10,0.9,0.7,0.7,0.3,0.68,29,8,13
777,777,1,50,50,10,0.9,0.7,0.7,0.5,0.62,32,5,13
778,779,1,50,50,10,0.9,0.7,0.7,0.9,0.76,25,12,13
779,778,1,50,50,10,0.9,0.7,0.7,0.7,0.54,32,9,9
780,780,1,50,50,10,0.9,0.7,0.9,0.3,0.56,32,8,10
781,781,1,50,50,10,0.9,0.7,0.9,0.5,0.42,34,11,5
782,782,1,50,50,10,0.9,0.7,0.9,0.7,0.58,29,13,8
783,783,1,50,50,10,0.9,0.7,0.9,0.9,0.4,38,4,8
784,784,1,50,50,10,0.9,0.9,0.3,0.3,0.62,28,13,9
785,785,1,50,50,10,0.9,0.9,0.3,0.5,0.86,21,15,14
786,788,1,50,50,10,0.9,0.9,0.5,0.3,0.48,36,4,10
787,786,1,50,50,10,0.9,0.9,0.3,0.7,1.02,21,7,22
788,787,1,50,50,10,0.9,0.9,0.3,0.9,1.16,15,12,23
789,790,1,50,50,10,0.9,0.9,0.5,0.7,0.56,33,6,11
790,789,1,50,50,10,0.9,0.9,0.5,0.5,0.72,28,8,14
791,792,1,50,50,10,0.9,0.9,0.7,0.3,0.42,35,9,6
792,791,1,50,50,10,0.9,0.9,0.5,0.9,0.86,25,7,18
793,794,1,50,50,10,0.9,0.9,0.7,0.7,0.58,33,5,12
794,793,1,50,50,10,0.9,0.9,0.7,0.5,0.64,29,10,11
795,795,1,50,50,10,0.9,0.9,0.7,0.9,0.7,28,9,13
796,796,1,50,50,10,0.9,0.9,0.9,0.3,0.36,38,6,6
797,797,1,50,50,10,0.9,0.9,0.9,0.5,0.56,33,6,11
798,798,1,50,50,10,0.9,0.9,0.9,0.7,0.36,37,8,5
799,799,1,50,50,10,0.9,0.9,0.9,0.9,0.5,35,5,10
800,800,2,50,50,10,0.1,0.1,0.3,0.3,0.88,22,12,16
801,801,2,50,50,10,0.1,0.1,0.3,0.5,1.02,12,25,13
802,802,2,50,50,10,0.1,0.1,0.3,0.7,1.02,15,19,16
803,803,2,50,50,10,0.1,0.1,0.3,0.9,1.22,11,17,22
804,805,2,50,50,10,0.1,0.1,0.5,0.5,0.66,25,17,8
805,806,2,50,50,10,0.1,0.1,0.5,0.7,0.76,24,14,12
806,804,2,50,50,10,0.1,0.1,0.5,0.3,0.62,27,15,8
807,808,2,50,50,10,0.1,0.1,0.7,0.3,0.8,26,8,16
808,812,2,50,50,10,0.1,0.1,0.9,0.3,0.92,18,18,14
809,807,2,50,50,10,0.1,0.1,0.5,0.9,0.94,20,13,17
810,811,2,50,50,10,0.1,0.1,0.7,0.9,0.88,20,16,14
811,809,2,50,50,10,0.1,0.1,0.7,0.5,0.72,25,14,11
812,810,2,50,50,10,0.1,0.1,0.7,0.7,0.64,27,14,9
813,814,2,50,50,10,0.1,0.1,0.9,0.7,0.8,23,14,13
814,813,2,50,50,10,0.1,0.1,0.9,0.5,0.76,24,14,12
815,815,2,50,50,10,0.1,0.1,0.9,0.9,0.72,26,12,12
816,816,2,50,50,10,0.1,0.3,0.3,0.3,0.38,38,5,7
817,818,2,50,50,10,0.1,0.3,0.3,0.7,1.16,15,12,23
818,817,2,50,50,10,0.1,0.3,0.3,0.5,1.04,19,10,21
819,819,2,50,50,10,0.1,0.3,0.3,0.9,0.92,17,20,13
820,820,2,50,50,10,0.1,0.3,0.5,0.3,0.44,33,12,5
821,822,2,50,50,10,0.1,0.3,0.5,0.7,0.74,23,17,10
822,824,2,50,50,10,0.1,0.3,0.7,0.3,0.48,34,8,8
823,821,2,50,50,10,0.1,0.3,0.5,0.5,0.62,29,11,10
824,826,2,50,50,10,0.1,0.3,0.7,0.7,0.78,25,11,14
825,823,2,50,50,10,0.1,0.3,0.5,0.9,0.92,17,20,13
826,825,2,50,50,10,0.1,0.3,0.7,0.5,0.5,32,11,7
827,827,2,50,50,10,0.1,0.3,0.7,0.9,0.82,22,15,13
828,828,2,50,50,10,0.1,0.3,0.9,0.3,0.3,39,7,4
829,829,2,50,50,10,0.1,0.3,0.9,0.5,0.58,30,11,9
830,830,2,50,50,10,0.1,0.3,0.9,0.7,0.54,31,11,8
831,831,2,50,50,10,0.1,0.3,0.9,0.9,0.54,33,7,10
832,832,2,50,50,10,0.1,0.5,0.3,0.3,0.44,32,14,4
833,835,2,50,50,10,0.1,0.5,0.3,0.9,1.06,18,11,21
834,833,2,50,50,10,0.1,0.5,0.3,0.5,0.72,27,10,13
835,834,2,50,50,10,0.1,0.5,0.3,0.7,1.0,19,12,19
836,836,2,50,50,10,0.1,0.5,0.5,0.3,0.48,33,10,7
837,840,2,50,50,10,0.1,0.5,0.7,0.3,0.48,34,8,8
838,837,2,50,50,10,0.1,0.5,0.5,0.5,0.6,30,10,10
839,839,2,50,50,10,0.1,0.5,0.5,0.9,1.14,14,15,21
840,841,2,50,50,10,0.1,0.5,0.7,0.5,0.32,39,6,5
841,838,2,50,50,10,0.1,0.5,0.5,0.7,0.8,24,12,14
842,842,2,50,50,10,0.1,0.5,0.7,0.7,0.5,35,5,10
843,844,2,50,50,10,0.1,0.5,0.9,0.3,0.42,36,7,7
844,843,2,50,50,10,0.1,0.5,0.7,0.9,0.5,33,9,8
845,845,2,50,50,10,0.1,0.5,0.9,0.5,0.2,43,4,3
846,846,2,50,50,10,0.1,0.5,0.9,0.7,0.34,39,5,6
847,847,2,50,50,10,0.1,0.5,0.9,0.9,0.46,35,7,8
848,848,2,50,50,10,0.1,0.7,0.3,0.3,0.52,34,6,10
849,850,2,50,50,10,0.1,0.7,0.3,0.7,0.72,27,10,13
850,849,2,50,50,10,0.1,0.7,0.3,0.5,0.94,22,9,19
851,851,2,50,50,10,0.1,0.7,0.3,0.9,1.34,12,9,29
852,854,2,50,50,10,0.1,0.7,0.5,0.7,0.86,25,7,18
853,855,2,50,50,10,0.1,0.7,0.5,0.9,1.02,19,11,20
854,852,2,50,50,10,0.1,0.7,0.5,0.3,0.52,31,12,7
855,853,2,50,50,10,0.1,0.7,0.5,0.5,0.62,32,5,13
856,857,2,50,50,10,0.1,0.7,0.7,0.5,0.58,32,7,11
857,856,2,50,50,10,0.1,0.7,0.7,0.3,0.44,36,6,8
858,858,2,50,50,10,0.1,0.7,0.7,0.7,0.52,31,12,7
859,859,2,50,50,10,0.1,0.7,0.7,0.9,0.6,32,6,12
860,860,2,50,50,10,0.1,0.7,0.9,0.3,0.36,38,6,6
861,861,2,50,50,10,0.1,0.7,0.9,0.5,0.42,37,5,8
862,862,2,50,50,10,0.1,0.7,0.9,0.7,0.32,37,10,3
863,863,2,50,50,10,0.1,0.7,0.9,0.9,0.48,34,8,8
864,864,2,50,50,10,0.1,0.9,0.3,0.3,0.74,28,7,15
865,865,2,50,50,10,0.1,0.9,0.3,0.5,0.7,29,7,14
866,868,2,50,50,10,0.1,0.9,0.5,0.3,0.72,29,6,15
867,866,2,50,50,10,0.1,0.9,0.3,0.7,0.92,24,6,20
868,869,2,50,50,10,0.1,0.9,0.5,0.5,0.74,27,9,14
869,867,2,50,50,10,0.1,0.9,0.3,0.9,1.24,13,12,25
870,871,2,50,50,10,0.1,0.9,0.5,0.9,1.0,16,18,16
871,870,2,50,50,10,0.1,0.9,0.5,0.7,0.78,24,13,13
872,873,2,50,50,10,0.1,0.9,0.7,0.5,0.6,31,8,11
873,872,2,50,50,10,0.1,0.9,0.7,0.3,0.3,40,5,5
874,874,2,50,50,10,0.1,0.9,0.7,0.7,0.7,27,11,12
875,875,2,50,50,10,0.1,0.9,0.7,0.9,0.7,25,15,10
876,876,2,50,50,10,0.1,0.9,0.9,0.3,0.34,39,5,6
877,877,2,50,50,10,0.1,0.9,0.9,0.5,0.38,37,7,6
878,878,2,50,50,10,0.1,0.9,0.9,0.7,0.38,37,7,6
879,879,2,50,50,10,0.1,0.9,0.9,0.9,0.22,41,7,2
880,880,2,50,50,10,0.3,0.1,0.3,0.3,0.82,23,13,14
881,881,2,50,50,10,0.3,0.1,0.3,0.5,0.66,29,9,12
882,882,2,50,50,10,0.3,0.1,0.3,0.7,1.06,16,15,19
883,883,2,50,50,10,0.3,0.1,0.3,0.9,1.1,12,21,17
884,885,2,50,50,10,0.3,0.1,0.5,0.5,0.6,28,14,8
885,884,2,50,50,10,0.3,0.1,0.5,0.3,0.62,28,13,9
886,886,2,50,50,10,0.3,0.1,0.5,0.7,0.76,21,20,9
887,888,2,50,50,10,0.3,0.1,0.7,0.3,0.86,22,13,15
888,887,2,50,50,10,0.3,0.1,0.5,0.9,0.82,22,15,13
889,890,2,50,50,10,0.3,0.1,0.7,0.7,0.88,18,20,12
890,889,2,50,50,10,0.3,0.1,0.7,0.5,0.84,23,12,15
891,891,2,50,50,10,0.3,0.1,0.7,0.9,0.74,24,15,11
892,892,2,50,50,10,0.3,0.1,0.9,0.3,0.6,29,12,9
893,893,2,50,50,10,0.3,0.1,0.9,0.5,0.76,26,10,14
894,894,2,50,50,10,0.3,0.1,0.9,0.7,0.76,25,12,13
895,895,2,50,50,10,0.3,0.1,0.9,0.9,0.84,19,20,11
896,896,2,50,50,10,0.3,0.3,0.3,0.3,0.68,27,12,11
897,898,2,50,50,10,0.3,0.3,0.3,0.7,0.98,17,17,16
898,897,2,50,50,10,0.3,0.3,0.3,0.5,0.84,22,14,14
899,899,2,50,50,10,0.3,0.3,0.3,0.9,1.22,12,15,23
900,900,2,50,50,10,0.3,0.3,0.5,0.3,0.64,26,16,8
901,902,2,50,50,10,0.3,0.3,0.5,0.7,0.76,27,8,15
902,904,2,50,50,10,0.3,0.3,0.7,0.3,0.54,31,11,8
903,903,2,50,50,10,0.3,0.3,0.5,0.9,0.8,23,14,13
904,901,2,50,50,10,0.3,0.3,0.5,0.5,0.66,25,17,8
905,905,2,50,50,10,0.3,0.3,0.7,0.5,0.7,26,13,11
906,907,2,50,50,10,0.3,0.3,0.7,0.9,0.96,19,14,17
907,906,2,50,50,10,0.3,0.3,0.7,0.7,0.64,30,8,12
908,908,2,50,50,10,0.3,0.3,0.9,0.3,0.42,37,5,8
909,909,2,50,50,10,0.3,0.3,0.9,0.5,0.64,30,8,12
910,910,2,50,50,10,0.3,0.3,0.9,0.7,0.5,34,7,9
911,911,2,50,50,10,0.3,0.3,0.9,0.9,0.44,35,8,7
912,912,2,50,50,10,0.3,0.5,0.3,0.3,0.4,35,10,5
913,913,2,50,50,10,0.3,0.5,0.3,0.5,0.94,22,9,19
914,914,2,50,50,10,0.3,0.5,0.3,0.7,0.82,24,11,15
915,915,2,50,50,10,0.3,0.5,0.3,0.9,1.24,14,10,26
916,916,2,50,50,10,0.3,0.5,0.5,0.3,0.56,32,8,10
917,919,2,50,50,10,0.3,0.5,0.5,0.9,0.88,22,12,16
918,917,2,50,50,10,0.3,0.5,0.5,0.5,0.64,28,12,10
919,918,2,50,50,10,0.3,0.5,0.5,0.7,0.76,28,6,16
920,920,2,50,50,10,0.3,0.5,0.7,0.3,0.4,35,10,5
921,922,2,50,50,10,0.3,0.5,0.7,0.7,0.42,33,13,4
922,921,2,50,50,10,0.3,0.5,0.7,0.5,0.6,31,8,11
923,923,2,50,50,10,0.3,0.5,0.7,0.9,0.6,28,14,8
924,924,2,50,50,10,0.3,0.5,0.9,0.3,0.38,37,7,6
925,925,2,50,50,10,0.3,0.5,0.9,0.5,0.38,38,5,7
926,926,2,50,50,10,0.3,0.5,0.9,0.7,0.36,38,6,6
927,927,2,50,50,10,0.3,0.5,0.9,0.9,0.44,35,8,7
928,928,2,50,50,10,0.3,0.7,0.3,0.3,0.64,29,10,11
929,929,2,50,50,10,0.3,0.7,0.3,0.5,0.88,23,10,17
930,931,2,50,50,10,0.3,0.7,0.3,0.9,1.18,16,9,25
931,930,2,50,50,10,0.3,0.7,0.3,0.7,1.02,19,11,20
932,932,2,50,50,10,0.3,0.7,0.5,0.3,0.56,32,8,10
933,933,2,50,50,10,0.3,0.7,0.5,0.5,0.72,28,8,14
934,934,2,50,50,10,0.3,0.7,0.5,0.7,0.84,24,10,16
935,936,2,50,50,10,0.3,0.7,0.7,0.3,0.66,28,11,11
936,935,2,50,50,10,0.3,0.7,0.5,0.9,1.02,19,11,20
937,937,2,50,50,10,0.3,0.7,0.7,0.5,0.66,29,9,12
938,938,2,50,50,10,0.3,0.7,0.7,0.7,0.78,26,9,15
939,940,2,50,50,10,0.3,0.7,0.9,0.3,0.38,37,7,6
940,939,2,50,50,10,0.3,0.7,0.7,0.9,0.62,32,5,13
941,941,2,50,50,10,0.3,0.7,0.9,0.5,0.48,33,10,7
942,942,2,50,50,10,0.3,0.7,0.9,0.7,0.44,35,8,7
943,943,2,50,50,10,0.3,0.7,0.9,0.9,0.54,31,11,8
944,944,2,50,50,10,0.3,0.9,0.3,0.3,0.76,25,12,13
945,945,2,50,50,10,0.3,0.9,0.3,0.5,0.82,25,9,16
946,946,2,50,50,10,0.3,0.9,0.3,0.7,1.02,20,9,21
947,948,2,50,50,10,0.3,0.9,0.5,0.3,0.8,26,8,16
948,947,2,50,50,10,0.3,0.9,0.3,0.9,1.16,17,8,25
949,950,2,50,50,10,0.3,0.9,0.5,0.7,0.9,24,7,19
950,951,2,50,50,10,0.3,0.9,0.5,0.9,0.76,27,8,15
951,949,2,50,50,10,0.3,0.9,0.5,0.5,0.62,31,7,12
952,953,2,50,50,10,0.3,0.9,0.7,0.5,0.54,34,5,11
953,952,2,50,50,10,0.3,0.9,0.7,0.3,0.34,37,9,4
954,954,2,50,50,10,0.3,0.9,0.7,0.7,0.66,29,9,12
955,956,2,50,50,10,0.3,0.9,0.9,0.3,0.46,35,7,8
956,955,2,50,50,10,0.3,0.9,0.7,0.9,0.64,29,10,11
957,957,2,50,50,10,0.3,0.9,0.9,0.5,0.34,38,7,5
958,958,2,50,50,10,0.3,0.9,0.9,0.7,0.34,38,7,5
959,959,2,50,50,10,0.3,0.9,0.9,0.9,0.7,27,11,12
960,960,2,50,50,10,0.5,0.1,0.3,0.3,0.8,19,22,9
961,961,2,50,50,10,0.5,0.1,0.3,0.5,0.78,21,19,10
962,962,2,50,50,10,0.5,0.1,0.3,0.7,0.82,23,13,14
963,963,2,50,50,10,0.5,0.1,0.3,0.9,1.34,10,13,27
964,964,2,50,50,10,0.5,0.1,0.5,0.3,0.8,20,20,10
965,966,2,50,50,10,0.5,0.1,0.5,0.7,1.02,16,17,17
966,965,2,50,50,10,0.5,0.1,0.5,0.5,0.9,20,15,15
967,969,2,50,50,10,0.5,0.1,0.7,0.5,0.74,26,11,13
968,968,2,50,50,10,0.5,0.1,0.7,0.3,0.4,35,10,5
969,967,2,50,50,10,0.5,0.1,0.5,0.9,1.16,15,12,23
970,970,2,50,50,10,0.5,0.1,0.7,0.7,0.54,28,17,5
971,971,2,50,50,10,0.5,0.1,0.7,0.9,0.98,17,17,16
972,972,2,50,50,10,0.5,0.1,0.9,0.3,0.8,24,12,14
973,973,2,50,50,10,0.5,0.1,0.9,0.5,0.54,31,11,8
974,974,2,50,50,10,0.5,0.1,0.9,0.7,0.68,27,12,11
975,975,2,50,50,10,0.5,0.1,0.9,0.9,0.98,19,13,18
976,976,2,50,50,10,0.5,0.3,0.3,0.3,0.7,26,13,11
977,977,2,50,50,10,0.5,0.3,0.3,0.5,0.78,22,17,11
978,978,2,50,50,10,0.5,0.3,0.3,0.7,1.26,11,15,24
979,979,2,50,50,10,0.5,0.3,0.3,0.9,1.16,11,20,19
980,980,2,50,50,10,0.5,0.3,0.5,0.3,0.6,29,12,9
981,981,2,50,50,10,0.5,0.3,0.5,0.5,0.7,25,15,10
982,983,2,50,50,10,0.5,0.3,0.5,0.9,0.92,22,10,18
983,984,2,50,50,10,0.5,0.3,0.7,0.3,0.38,37,7,6
984,982,2,50,50,10,0.5,0.3,0.5,0.7,0.64,29,10,11
985,985,2,50,50,10,0.5,0.3,0.7,0.5,0.52,31,12,7
986,986,2,50,50,10,0.5,0.3,0.7,0.7,0.7,27,11,12
987,987,2,50,50,10,0.5,0.3,0.7,0.9,0.56,31,10,9
988,988,2,50,50,10,0.5,0.3,0.9,0.3,0.5,33,9,8
989,989,2,50,50,10,0.5,0.3,0.9,0.5,0.58,30,11,9
990,990,2,50,50,10,0.5,0.3,0.9,0.7,0.44,34,10,6
991,991,2,50,50,10,0.5,0.3,0.9,0.9,0.48,33,10,7
992,992,2,50,50,10,0.5,0.5,0.3,0.3,0.58,31,9,10
993,993,2,50,50,10,0.5,0.5,0.3,0.5,0.8,25,10,15
994,994,2,50,50,10,0.5,0.5,0.3,0.7,0.84,21,16,13
995,996,2,50,50,10,0.5,0.5,0.5,0.3,0.38,36,9,5
996,1001,2,50,50,10,0.5,0.5,0.7,0.5,0.52,30,14,6
997,998,2,50,50,10,0.5,0.5,0.5,0.7,0.68,29,8,13
998,997,2,50,50,10,0.5,0.5,0.5,0.5,0.66,28,11,11
999,995,2,50,50,10,0.5,0.5,0.3,0.9,1.18,16,9,25
1000,1000,2,50,50,10,0.5,0.5,0.7,0.3,0.32,38,8,4
1001,999,2,50,50,10,0.5,0.5,0.5,0.9,1.1,15,15,20
1002,1002,2,50,50,10,0.5,0.5,0.7,0.7,0.58,28,15,7
1003,1004,2,50,50,10,0.5,0.5,0.9,0.3,0.44,34,10,6
1004,1003,2,50,50,10,0.5,0.5,0.7,0.9,0.58,30,11,9
1005,1005,2,50,50,10,0.5,0.5,0.9,0.5,0.42,35,9,6
1006,1006,2,50,50,10,0.5,0.5,0.9,0.7,0.48,34,8,8
1007,1007,2,50,50,10,0.5,0.5,0.9,0.9,0.64,28,12,10
1008,1008,2,50,50,10,0.5,0.7,0.3,0.3,0.58,31,9,10
1009,1009,2,50,50,10,0.5,0.7,0.3,0.5,0.78,24,13,13
1010,1011,2,50,50,10,0.5,0.7,0.3,0.9,1.24,12,14,24
1011,1010,2,50,50,10,0.5,0.7,0.3,0.7,0.9,25,5,20
1012,1012,2,50,50,10,0.5,0.7,0.5,0.3,0.38,34,13,3
1013,1014,2,50,50,10,0.5,0.7,0.5,0.7,0.9,23,9,18
1014,1015,2,50,50,10,0.5,0.7,0.5,0.9,0.94,21,11,18
1015,1013,2,50,50,10,0.5,0.7,0.5,0.5,0.44,31,16,3
1016,1016,2,50,50,10,0.5,0.7,0.7,0.3,0.44,33,12,5
1017,1019,2,50,50,10,0.5,0.7,0.7,0.9,0.62,29,11,10
1018,1020,2,50,50,10,0.5,0.7,0.9,0.3,0.24,41,6,3
1019,1017,2,50,50,10,0.5,0.7,0.7,0.5,0.68,28,10,12
1020,1018,2,50,50,10,0.5,0.7,0.7,0.7,0.5,33,9,8
1021,1021,2,50,50,10,0.5,0.7,0.9,0.5,0.58,31,9,10
1022,1022,2,50,50,10,0.5,0.7,0.9,0.7,0.38,38,5,7
1023,1023,2,50,50,10,0.5,0.7,0.9,0.9,0.58,32,7,11
1024,1024,2,50,50,10,0.5,0.9,0.3,0.3,0.46,34,9,7
1025,1025,2,50,50,10,0.5,0.9,0.3,0.5,0.82,26,7,17
1026,1026,2,50,50,10,0.5,0.9,0.3,0.7,1.02,19,11,20
1027,1030,2,50,50,10,0.5,0.9,0.5,0.7,0.8,24,12,14
1028,1027,2,50,50,10,0.5,0.9,0.3,0.9,1.22,16,7,27
1029,1029,2,50,50,10,0.5,0.9,0.5,0.5,0.48,30,16,4
1030,1028,2,50,50,10,0.5,0.9,0.5,0.3,0.42,34,11,5
1031,1032,2,50,50,10,0.5,0.9,0.7,0.3,0.5,33,9,8
1032,1031,2,50,50,10,0.5,0.9,0.5,0.9,0.94,21,11,18
1033,1034,2,50,50,10,0.5,0.9,0.7,0.7,0.82,25,9,16
1034,1035,2,50,50,10,0.5,0.9,0.7,0.9,0.7,24,17,9
1035,1036,2,50,50,10,0.5,0.9,0.9,0.3,0.48,36,4,10
1036,1033,2,50,50,10,0.5,0.9,0.7,0.5,0.46,35,7,8
1037,1038,2,50,50,10,0.5,0.9,0.9,0.7,0.48,35,6,9
1038,1037,2,50,50,10,0.5,0.9,0.9,0.5,0.42,38,3,9
1039,1039,2,50,50,10,0.5,0.9,0.9,0.9,0.38,37,7,6
1040,1040,2,50,50,10,0.7,0.1,0.3,0.3,0.9,20,15,15
1041,1041,2,50,50,10,0.7,0.1,0.3,0.5,0.68,25,16,9
1042,1042,2,50,50,10,0.7,0.1,0.3,0.7,1.0,17,16,17
1043,1044,2,50,50,10,0.7,0.1,0.5,0.3,0.54,32,9,9
1044,1045,2,50,50,10,0.7,0.1,0.5,0.5,0.82,23,13,14
1045,1046,2,50,50,10,0.7,0.1,0.5,0.7,0.7,25,15,10
1046,1051,2,50,50,10,0.7,0.1,0.7,0.9,0.84,25,8,17
1047,1043,2,50,50,10,0.7,0.1,0.3,0.9,1.26,11,15,24
1048,1047,2,50,50,10,0.7,0.1,0.5,0.9,0.98,19,13,18
1049,1048,2,50,50,10,0.7,0.1,0.7,0.3,0.66,23,21,6
1050,1049,2,50,50,10,0.7,0.1,0.7,0.5,0.78,25,11,14
1051,1052,2,50,50,10,0.7,0.1,0.9,0.3,0.62,30,9,11
1052,1050,2,50,50,10,0.7,0.1,0.7,0.7,0.7,26,13,11
1053,1054,2,50,50,10,0.7,0.1,0.9,0.7,0.48,34,8,8
1054,1053,2,50,50,10,0.7,0.1,0.9,0.5,0.62,28,13,9
1055,1055,2,50,50,10,0.7,0.1,0.9,0.9,0.52,32,10,8
1056,1057,2,50,50,10,0.7,0.3,0.3,0.5,0.86,19,19,12
1057,1056,2,50,50,10,0.7,0.3,0.3,0.3,0.48,32,12,6
1058,1058,2,50,50,10,0.7,0.3,0.3,0.7,1.02,16,17,17
1059,1060,2,50,50,10,0.7,0.3,0.5,0.3,0.8,26,8,16
1060,1059,2,50,50,10,0.7,0.3,0.3,0.9,1.34,12,9,29
1061,1066,2,50,50,10,0.7,0.3,0.7,0.7,0.72,24,16,10
1062,1064,2,50,50,10,0.7,0.3,0.7,0.3,0.52,33,8,9
1063,1061,2,50,50,10,0.7,0.3,0.5,0.5,0.78,25,11,14
1064,1068,2,50,50,10,0.7,0.3,0.9,0.3,0.66,29,9,12
1065,1062,2,50,50,10,0.7,0.3,0.5,0.7,0.76,27,8,15
1066,1067,2,50,50,10,0.7,0.3,0.7,0.9,0.7,26,13,11
1067,1065,2,50,50,10,0.7,0.3,0.7,0.5,0.46,35,7,8
1068,1063,2,50,50,10,0.7,0.3,0.5,0.9,0.94,21,11,18
1069,1069,2,50,50,10,0.7,0.3,0.9,0.5,0.5,31,13,6
1070,1070,2,50,50,10,0.7,0.3,0.9,0.7,0.56,31,10,9
1071,1071,2,50,50,10,0.7,0.3,0.9,0.9,0.54,31,11,8
1072,1072,2,50,50,10,0.7,0.5,0.3,0.3,0.48,33,10,7
1073,1073,2,50,50,10,0.7,0.5,0.3,0.5,0.86,22,13,15
1074,1074,2,50,50,10,0.7,0.5,0.3,0.7,0.96,21,10,19
1075,1075,2,50,50,10,0.7,0.5,0.3,0.9,1.16,15,12,23
1076,1076,2,50,50,10,0.7,0.5,0.5,0.3,0.34,37,9,4
1077,1079,2,50,50,10,0.7,0.5,0.5,0.9,0.86,20,17,13
1078,1078,2,50,50,10,0.7,0.5,0.5,0.7,0.74,26,11,13
1079,1084,2,50,50,10,0.7,0.5,0.9,0.3,0.46,33,11,6
1080,1081,2,50,50,10,0.7,0.5,0.7,0.5,0.46,34,9,7
1081,1077,2,50,50,10,0.7,0.5,0.5,0.5,0.48,33,10,7
1082,1083,2,50,50,10,0.7,0.5,0.7,0.9,0.58,28,15,7
1083,1082,2,50,50,10,0.7,0.5,0.7,0.7,0.54,31,11,8
1084,1080,2,50,50,10,0.7,0.5,0.7,0.3,0.36,37,8,5
1085,1085,2,50,50,10,0.7,0.5,0.9,0.5,0.4,38,4,8
1086,1086,2,50,50,10,0.7,0.5,0.9,0.7,0.48,32,12,6
1087,1087,2,50,50,10,0.7,0.5,0.9,0.9,0.58,31,9,10
1088,1089,2,50,50,10,0.7,0.7,0.3,0.5,0.8,25,10,15
1089,1088,2,50,50,10,0.7,0.7,0.3,0.3,0.64,30,8,12
1090,1090,2,50,50,10,0.7,0.7,0.3,0.7,1.14,16,11,23
1091,1091,2,50,50,10,0.7,0.7,0.3,0.9,1.06,18,11,21
1092,1092,2,50,50,10,0.7,0.7,0.5,0.3,0.44,35,8,7
1093,1093,2,50,50,10,0.7,0.7,0.5,0.5,0.56,31,10,9
1094,1095,2,50,50,10,0.7,0.7,0.5,0.9,0.8,24,12,14
1095,1096,2,50,50,10,0.7,0.7,0.7,0.3,0.46,34,9,7
1096,1094,2,50,50,10,0.7,0.7,0.5,0.7,0.84,22,14,14
1097,1097,2,50,50,10,0.7,0.7,0.7,0.5,0.46,34,9,7
1098,1100,2,50,50,10,0.7,0.7,0.9,0.3,0.3,39,7,4
1099,1099,2,50,50,10,0.7,0.7,0.7,0.9,0.6,30,10,10
1100,1098,2,50,50,10,0.7,0.7,0.7,0.7,0.56,32,8,10
1101,1102,2,50,50,10,0.7,0.7,0.9,0.7,0.66,30,7,13
1102,1101,2,50,50,10,0.7,0.7,0.9,0.5,0.32,39,6,5
1103,1103,2,50,50,10,0.7,0.7,0.9,0.9,0.48,34,8,8
1104,1104,2,50,50,10,0.7,0.9,0.3,0.3,0.6,32,6,12
1105,1105,2,50,50,10,0.7,0.9,0.3,0.5,0.9,25,5,20
1106,1106,2,50,50,10,0.7,0.9,0.3,0.7,0.86,21,15,14
1107,1107,2,50,50,10,0.7,0.9,0.3,0.9,1.2,15,10,25
1108,1108,2,50,50,10,0.7,0.9,0.5,0.3,0.28,39,8,3
1109,1112,2,50,50,10,0.7,0.9,0.7,0.3,0.56,31,10,9
1110,1109,2,50,50,10,0.7,0.9,0.5,0.5,0.78,25,11,14
1111,1110,2,50,50,10,0.7,0.9,0.5,0.7,0.78,27,7,16
1112,1111,2,50,50,10,0.7,0.9,0.5,0.9,0.88,23,10,17
1113,1115,2,50,50,10,0.7,0.9,0.7,0.9,0.56,31,10,9
1114,1113,2,50,50,10,0.7,0.9,0.7,0.5,0.38,36,9,5
1115,1114,2,50,50,10,0.7,0.9,0.7,0.7,0.54,34,5,11
1116,1116,2,50,50,10,0.7,0.9,0.9,0.3,0.4,36,8,6
1117,1117,2,50,50,10,0.7,0.9,0.9,0.5,0.2,43,4,3
1118,1118,2,50,50,10,0.7,0.9,0.9,0.7,0.26,39,9,2
1119,1119,2,50,50,10,0.7,0.9,0.9,0.9,0.38,36,9,5
1120,1120,2,50,50,10,0.9,0.1,0.3,0.3,0.76,22,18,10
1121,1122,2,50,50,10,0.9,0.1,0.3,0.7,0.9,20,15,15
1122,1121,2,50,50,10,0.9,0.1,0.3,0.5,0.84,21,16,13
1123,1124,2,50,50,10,0.9,0.1,0.5,0.3,0.76,25,12,13
1124,1123,2,50,50,10,0.9,0.1,0.3,0.9,1.18,13,15,22
1125,1125,2,50,50,10,0.9,0.1,0.5,0.5,0.94,20,13,17
1126,1126,2,50,50,10,0.9,0.1,0.5,0.7,1.06,15,17,18
1127,1132,2,50,50,10,0.9,0.1,0.9,0.3,0.66,30,7,13
1128,1127,2,50,50,10,0.9,0.1,0.5,0.9,0.98,13,25,12
1129,1131,2,50,50,10,0.9,0.1,0.7,0.9,0.76,25,12,13
1130,1128,2,50,50,10,0.9,0.1,0.7,0.3,0.74,25,13,12
1131,1130,2,50,50,10,0.9,0.1,0.7,0.7,0.64,28,12,10
1132,1129,2,50,50,10,0.9,0.1,0.7,0.5,0.88,19,18,13
1133,1133,2,50,50,10,0.9,0.1,0.9,0.5,0.84,24,10,16
1134,1134,2,50,50,10,0.9,0.1,0.9,0.7,0.78,24,13,13
1135,1135,2,50,50,10,0.9,0.1,0.9,0.9,0.94,21,11,18
1136,1136,2,50,50,10,0.9,0.3,0.3,0.3,0.72,26,12,12
1137,1138,2,50,50,10,0.9,0.3,0.3,0.7,1.1,18,9,23
1138,1137,2,50,50,10,0.9,0.3,0.3,0.5,0.78,22,17,11
1139,1139,2,50,50,10,0.9,0.3,0.3,0.9,1.26,9,19,22
1140,1140,2,50,50,10,0.9,0.3,0.5,0.3,0.46,35,7,8
1141,1141,2,50,50,10,0.9,0.3,0.5,0.5,0.76,23,16,11
1142,1142,2,50,50,10,0.9,0.3,0.5,0.7,0.76,24,14,12
1143,1143,2,50,50,10,0.9,0.3,0.5,0.9,0.84,23,12,15
1144,1144,2,50,50,10,0.9,0.3,0.7,0.3,0.52,33,8,9
1145,1146,2,50,50,10,0.9,0.3,0.7,0.7,0.64,27,14,9
1146,1147,2,50,50,10,0.9,0.3,0.7,0.9,0.74,23,17,10
1147,1145,2,50,50,10,0.9,0.3,0.7,0.5,0.6,31,8,11
1148,1148,2,50,50,10,0.9,0.3,0.9,0.3,0.46,34,9,7
1149,1149,2,50,50,10,0.9,0.3,0.9,0.5,0.52,34,6,10
1150,1150,2,50,50,10,0.9,0.3,0.9,0.7,0.76,25,12,13
1151,1151,2,50,50,10,0.9,0.3,0.9,0.9,0.66,29,9,12
1152,1152,2,50,50,10,0.9,0.5,0.3,0.3,0.74,28,7,15
1153,1153,2,50,50,10,0.9,0.5,0.3,0.5,0.66,29,9,12
1154,1155,2,50,50,10,0.9,0.5,0.3,0.9,1.38,8,15,27
1155,1154,2,50,50,10,0.9,0.5,0.3,0.7,1.04,16,16,18
1156,1157,2,50,50,10,0.9,0.5,0.5,0.5,0.46,31,15,4
1157,1156,2,50,50,10,0.9,0.5,0.5,0.3,0.48,36,4,10
1158,1158,2,50,50,10,0.9,0.5,0.5,0.7,0.82,22,15,13
1159,1159,2,50,50,10,0.9,0.5,0.5,0.9,0.84,23,12,15
1160,1163,2,50,50,10,0.9,0.5,0.7,0.9,0.72,25,14,11
1161,1161,2,50,50,10,0.9,0.5,0.7,0.5,0.5,33,9,8
1162,1162,2,50,50,10,0.9,0.5,0.7,0.7,0.42,33,13,4
1163,1160,2,50,50,10,0.9,0.5,0.7,0.3,0.4,37,6,7
1164,1164,2,50,50,10,0.9,0.5,0.9,0.3,0.32,38,8,4
1165,1165,2,50,50,10,0.9,0.5,0.9,0.5,0.3,41,3,6
1166,1166,2,50,50,10,0.9,0.5,0.9,0.7,0.46,32,13,5
1167,1167,2,50,50,10,0.9,0.5,0.9,0.9,0.4,36,8,6
1168,1168,2,50,50,10,0.9,0.7,0.3,0.3,0.5,33,9,8
1169,1169,2,50,50,10,0.9,0.7,0.3,0.5,0.88,23,10,17
1170,1170,2,50,50,10,0.9,0.7,0.3,0.7,0.96,21,10,19
1171,1171,2,50,50,10,0.9,0.7,0.3,0.9,1.36,11,10,29
1172,1172,2,50,50,10,0.9,0.7,0.5,0.3,0.44,35,8,7
1173,1175,2,50,50,10,0.9,0.7,0.5,0.9,0.9,23,9,18
1174,1173,2,50,50,10,0.9,0.7,0.5,0.5,0.54,31,11,8
1175,1176,2,50,50,10,0.9,0.7,0.7,0.3,0.54,33,7,10
1176,1174,2,50,50,10,0.9,0.7,0.5,0.7,0.72,27,10,13
1177,1180,2,50,50,10,0.9,0.7,0.9,0.3,0.38,38,5,7
1178,1177,2,50,50,10,0.9,0.7,0.7,0.5,0.44,35,8,7
1179,1178,2,50,50,10,0.9,0.7,0.7,0.7,0.52,33,8,9
1180,1179,2,50,50,10,0.9,0.7,0.7,0.9,0.5,35,5,10
1181,1182,2,50,50,10,0.9,0.7,0.9,0.7,0.54,33,7,10
1182,1181,2,50,50,10,0.9,0.7,0.9,0.5,0.44,35,8,7
1183,1183,2,50,50,10,0.9,0.7,0.9,0.9,0.5,35,5,10
1184,1184,2,50,50,10,0.9,0.9,0.3,0.3,0.54,30,13,7
1185,1185,2,50,50,10,0.9,0.9,0.3,0.5,0.8,24,12,14
1186,1186,2,50,50,10,0.9,0.9,0.3,0.7,0.88,25,6,19
1187,1187,2,50,50,10,0.9,0.9,0.3,0.9,1.18,15,11,24
1188,1188,2,50,50,10,0.9,0.9,0.5,0.3,0.32,40,4,6
1189,1189,2,50,50,10,0.9,0.9,0.5,0.5,0.44,32,14,4
1190,1191,2,50,50,10,0.9,0.9,0.5,0.9,0.78,25,11,14
1191,1190,2,50,50,10,0.9,0.9,0.5,0.7,0.58,30,11,9
1192,1193,2,50,50,10,0.9,0.9,0.7,0.5,0.52,32,10,8
1193,1194,2,50,50,10,0.9,0.9,0.7,0.7,0.6,34,2,14
1194,1195,2,50,50,10,0.9,0.9,0.7,0.9,0.7,30,5,15
1195,1192,2,50,50,10,0.9,0.9,0.7,0.3,0.14,45,3,2
1196,1196,2,50,50,10,0.9,0.9,0.9,0.3,0.32,39,6,5
1197,1198,2,50,50,10,0.9,0.9,0.9,0.7,0.36,37,8,5
1198,1197,2,50,50,10,0.9,0.9,0.9,0.5,0.38,37,7,6
1199,1199,2,50,50,10,0.9,0.9,0.9,0.9,0.6,29,12,9
